episode_id,segment_id,canonical_verb,start_time,end_time,duration,tracking_valid_frac,measured_tracking_valid_frac,tracking_quality,missing_value_rate,interpolated_value_count,coordinate_mode,pose_source_path,video_path,source_data_path,is_valid,rejection_reason,cluster_id,mean_same_verb_knn_distance,distinctiveness_percentile,cluster_rarity,potential_tracking_outlier,selected,selection_reason
2025-09-20-17-42-51-000000,2025-09-20-17-42-51-000000:front_1:000000,fold_clothes,0.0,1.0,1.0,1.0,1.0,1.0,0.0,0,per_frame_inverse_head_to_world:obs_head_pose,/__modal/volumes/vo-UZL6XRNnGfsFjlpmHH9EJN/episodes/2025-09-20-17-42-51-000000,/__modal/volumes/vo-UZL6XRNnGfsFjlpmHH9EJN/segments/2025-09-20-17-42-51-000000/front_1/000000.mp4,/__modal/volumes/vo-UZL6XRNnGfsFjlpmHH9EJN/episodes/2025-09-20-17-42-51-000000,True,,fold_clothes__0,4.992593070416477,0.5445544554455446,0.8514851485148515,False,False,
2025-09-20-17-42-51-000000,2025-09-20-17-42-51-000000:front_1:000001,fold_clothes,1.0,2.0,1.0,1.0,,,,,,,/__modal/volumes/vo-UZL6XRNnGfsFjlpmHH9EJN/segments/2025-09-20-17-42-51-000000/front_1/000001.mp4,/__modal/volumes/vo-UZL6XRNnGfsFjlpmHH9EJN/episodes/2025-09-20-17-42-51-000000,False,tracking_rejected:fewer than two pose frames overlap segment timestamps,,,,,,False,
2025-09-20-17-42-51-000000,2025-09-20-17-42-51-000000:front_1:000002,fold_clothes,2.0,3.0,1.0,1.0,,,,,,,/__modal/volumes/vo-UZL6XRNnGfsFjlpmHH9EJN/segments/2025-09-20-17-42-51-000000/front_1/000002.mp4,/__modal/volumes/vo-UZL6XRNnGfsFjlpmHH9EJN/episodes/2025-09-20-17-42-51-000000,False,tracking_rejected:fewer than two pose frames overlap segment timestamps,,,,,,False,
2025-09-20-17-42-51-000000,2025-09-20-17-42-51-000000:front_1:000003,fold_clothes,3.0,4.0,1.0,1.0,1.0,1.0,0.0,0,per_frame_inverse_head_to_world:obs_head_pose,/__modal/volumes/vo-UZL6XRNnGfsFjlpmHH9EJN/episodes/2025-09-20-17-42-51-000000,/__modal/volumes/vo-UZL6XRNnGfsFjlpmHH9EJN/segments/2025-09-20-17-42-51-000000/front_1/000003.mp4,/__modal/volumes/vo-UZL6XRNnGfsFjlpmHH9EJN/episodes/2025-09-20-17-42-51-000000,True,,fold_clothes__1,4.351892940534548,0.2871287128712871,0.3564356435643564,False,False,
2025-09-20-17-42-51-000000,2025-09-20-17-42-51-000000:front_1:000004,fold_clothes,4.0,5.0,1.0,1.0,1.0,1.0,0.0,0,per_frame_inverse_head_to_world:obs_head_pose,/__modal/volumes/vo-UZL6XRNnGfsFjlpmHH9EJN/episodes/2025-09-20-17-42-51-000000,/__modal/volumes/vo-UZL6XRNnGfsFjlpmHH9EJN/segments/2025-09-20-17-42-51-000000/front_1/000004.mp4,/__modal/volumes/vo-UZL6XRNnGfsFjlpmHH9EJN/episodes/2025-09-20-17-42-51-000000,True,,fold_clothes__1,4.346776812972868,0.27722772277227725,0.3564356435643564,False,False,
2025-09-20-17-42-51-000000,2025-09-20-17-42-51-000000:front_1:000005,fold_clothes,5.0,6.0,1.0,1.0,1.0,1.0,0.0,0,per_frame_inverse_head_to_world:obs_head_pose,/__modal/volumes/vo-UZL6XRNnGfsFjlpmHH9EJN/episodes/2025-09-20-17-42-51-000000,/__modal/volumes/vo-UZL6XRNnGfsFjlpmHH9EJN/segments/2025-09-20-17-42-51-000000/front_1/000005.mp4,/__modal/volumes/vo-UZL6XRNnGfsFjlpmHH9EJN/episodes/2025-09-20-17-42-51-000000,True,,fold_clothes__2,4.52531437721207,0.37623762376237624,0.900990099009901,False,True,facility_location_gain_per_second
2025-09-20-17-42-51-000000,2025-09-20-17-42-51-000000:front_1:000006,fold_clothes,6.0,7.0,1.0,1.0,1.0,1.0,0.0,0,per_frame_inverse_head_to_world:obs_head_pose,/__modal/volumes/vo-UZL6XRNnGfsFjlpmHH9EJN/episodes/2025-09-20-17-42-51-000000,/__modal/volumes/vo-UZL6XRNnGfsFjlpmHH9EJN/segments/2025-09-20-17-42-51-000000/front_1/000006.mp4,/__modal/volumes/vo-UZL6XRNnGfsFjlpmHH9EJN/episodes/2025-09-20-17-42-51-000000,True,,fold_clothes__3,7.3917613494002605,0.9504950495049505,0.8910891089108911,False,True,facility_location_gain_per_second
2025-09-20-17-42-51-000000,2025-09-20-17-42-51-000000:front_1:000007,fold_clothes,7.0,8.0,1.0,1.0,1.0,1.0,0.0,0,per_frame_inverse_head_to_world:obs_head_pose,/__modal/volumes/vo-UZL6XRNnGfsFjlpmHH9EJN/episodes/2025-09-20-17-42-51-000000,/__modal/volumes/vo-UZL6XRNnGfsFjlpmHH9EJN/segments/2025-09-20-17-42-51-000000/front_1/000007.mp4,/__modal/volumes/vo-UZL6XRNnGfsFjlpmHH9EJN/episodes/2025-09-20-17-42-51-000000,True,,fold_clothes__3,5.895476938287621,0.693069306930693,0.8910891089108911,False,False,
2025-09-20-17-42-51-000000,2025-09-20-17-42-51-000000:front_1:000008,fold_clothes,8.0,9.0,1.0,1.0,1.0,1.0,0.0,0,per_frame_inverse_head_to_world:obs_head_pose,/__modal/volumes/vo-UZL6XRNnGfsFjlpmHH9EJN/episodes/2025-09-20-17-42-51-000000,/__modal/volumes/vo-UZL6XRNnGfsFjlpmHH9EJN/segments/2025-09-20-17-42-51-000000/front_1/000008.mp4,/__modal/volumes/vo-UZL6XRNnGfsFjlpmHH9EJN/episodes/2025-09-20-17-42-51-000000,True,,fold_clothes__0,4.386558420211739,0.3069306930693069,0.8514851485148515,False,False,
2025-09-20-17-42-51-000000,2025-09-20-17-42-51-000000:front_1:000009,fold_clothes,9.0,10.0,1.0,1.0,,,,,,,/__modal/volumes/vo-UZL6XRNnGfsFjlpmHH9EJN/segments/2025-09-20-17-42-51-000000/front_1/000009.mp4,/__modal/volumes/vo-UZL6XRNnGfsFjlpmHH9EJN/episodes/2025-09-20-17-42-51-000000,False,tracking_rejected:fewer than two pose frames overlap segment timestamps,,,,,,False,
2025-09-20-17-42-51-000000,2025-09-20-17-42-51-000000:front_1:000010,fold_clothes,10.0,11.0,1.0,1.0,,,,,,,/__modal/volumes/vo-UZL6XRNnGfsFjlpmHH9EJN/segments/2025-09-20-17-42-51-000000/front_1/000010.mp4,/__modal/volumes/vo-UZL6XRNnGfsFjlpmHH9EJN/episodes/2025-09-20-17-42-51-000000,False,tracking_rejected:fewer than two pose frames overlap segment timestamps,,,,,,False,
2025-09-20-17-42-51-000000,2025-09-20-17-42-51-000000:front_1:000011,fold_clothes,11.0,12.0,1.0,1.0,,,,,,,/__modal/volumes/vo-UZL6XRNnGfsFjlpmHH9EJN/segments/2025-09-20-17-42-51-000000/front_1/000011.mp4,/__modal/volumes/vo-UZL6XRNnGfsFjlpmHH9EJN/episodes/2025-09-20-17-42-51-000000,False,tracking_rejected:fewer than two pose frames overlap segment timestamps,,,,,,False,
2025-09-20-17-42-51-000000,2025-09-20-17-42-51-000000:front_1:000012,fold_clothes,12.0,13.0,1.0,1.0,,,,,,,/__modal/volumes/vo-UZL6XRNnGfsFjlpmHH9EJN/segments/2025-09-20-17-42-51-000000/front_1/000012.mp4,/__modal/volumes/vo-UZL6XRNnGfsFjlpmHH9EJN/episodes/2025-09-20-17-42-51-000000,False,tracking_rejected:fewer than two pose frames overlap segment timestamps,,,,,,False,
2025-09-20-17-42-51-000000,2025-09-20-17-42-51-000000:front_1:000013,fold_clothes,13.0,14.0,1.0,1.0,1.0,1.0,0.0,0,per_frame_inverse_head_to_world:obs_head_pose,/__modal/volumes/vo-UZL6XRNnGfsFjlpmHH9EJN/episodes/2025-09-20-17-42-51-000000,/__modal/volumes/vo-UZL6XRNnGfsFjlpmHH9EJN/segments/2025-09-20-17-42-51-000000/front_1/000013.mp4,/__modal/volumes/vo-UZL6XRNnGfsFjlpmHH9EJN/episodes/2025-09-20-17-42-51-000000,True,,fold_clothes__1,3.805093074897443,0.16831683168316833,0.3564356435643564,False,False,
2025-09-20-17-42-51-000000,2025-09-20-17-42-51-000000:front_1:000014,fold_clothes,14.0,15.0,1.0,1.0,1.0,1.0,0.0,0,per_frame_inverse_head_to_world:obs_head_pose,/__modal/volumes/vo-UZL6XRNnGfsFjlpmHH9EJN/episodes/2025-09-20-17-42-51-000000,/__modal/volumes/vo-UZL6XRNnGfsFjlpmHH9EJN/segments/2025-09-20-17-42-51-000000/front_1/000014.mp4,/__modal/volumes/vo-UZL6XRNnGfsFjlpmHH9EJN/episodes/2025-09-20-17-42-51-000000,True,,fold_clothes__1,4.658287249500115,0.4158415841584158,0.3564356435643564,False,False,
2025-09-20-17-42-51-000000,2025-09-20-17-42-51-000000:front_1:000015,fold_clothes,15.0,16.0,1.0,1.0,1.0,1.0,0.0,0,per_frame_inverse_head_to_world:obs_head_pose,/__modal/volumes/vo-UZL6XRNnGfsFjlpmHH9EJN/episodes/2025-09-20-17-42-51-000000,/__modal/volumes/vo-UZL6XRNnGfsFjlpmHH9EJN/segments/2025-09-20-17-42-51-000000/front_1/000015.mp4,/__modal/volumes/vo-UZL6XRNnGfsFjlpmHH9EJN/episodes/2025-09-20-17-42-51-000000,True,,fold_clothes__1,4.937399529003793,0.5247524752475248,0.3564356435643564,False,True,facility_location_gain_per_second
2025-09-20-17-42-51-000000,2025-09-20-17-42-51-000000:front_1:000016,fold_clothes,16.0,17.0,1.0,1.0,1.0,1.0,0.0,0,per_frame_inverse_head_to_world:obs_head_pose,/__modal/volumes/vo-UZL6XRNnGfsFjlpmHH9EJN/episodes/2025-09-20-17-42-51-000000,/__modal/volumes/vo-UZL6XRNnGfsFjlpmHH9EJN/segments/2025-09-20-17-42-51-000000/front_1/000016.mp4,/__modal/volumes/vo-UZL6XRNnGfsFjlpmHH9EJN/episodes/2025-09-20-17-42-51-000000,True,,fold_clothes__1,5.91100986416693,0.7029702970297029,0.3564356435643564,False,True,facility_location_gain_per_second
2025-09-20-17-42-51-000000,2025-09-20-17-42-51-000000:front_1:000017,fold_clothes,17.0,18.0,1.0,1.0,1.0,1.0,0.0,0,per_frame_inverse_head_to_world:obs_head_pose,/__modal/volumes/vo-UZL6XRNnGfsFjlpmHH9EJN/episodes/2025-09-20-17-42-51-000000,/__modal/volumes/vo-UZL6XRNnGfsFjlpmHH9EJN/segments/2025-09-20-17-42-51-000000/front_1/000017.mp4,/__modal/volumes/vo-UZL6XRNnGfsFjlpmHH9EJN/episodes/2025-09-20-17-42-51-000000,True,,fold_clothes__0,5.160556695674098,0.6138613861386139,0.8514851485148515,False,False,
2025-09-20-17-42-51-000000,2025-09-20-17-42-51-000000:front_1:000018,fold_clothes,18.0,19.0,1.0,1.0,,,,,,,/__modal/volumes/vo-UZL6XRNnGfsFjlpmHH9EJN/segments/2025-09-20-17-42-51-000000/front_1/000018.mp4,/__modal/volumes/vo-UZL6XRNnGfsFjlpmHH9EJN/episodes/2025-09-20-17-42-51-000000,False,tracking_rejected:fewer than two pose frames overlap segment timestamps,,,,,,False,
2025-09-20-17-42-51-000000,2025-09-20-17-42-51-000000:front_1:000019,fold_clothes,19.0,20.0,1.0,1.0,,,,,,,/__modal/volumes/vo-UZL6XRNnGfsFjlpmHH9EJN/segments/2025-09-20-17-42-51-000000/front_1/000019.mp4,/__modal/volumes/vo-UZL6XRNnGfsFjlpmHH9EJN/episodes/2025-09-20-17-42-51-000000,False,tracking_rejected:fewer than two pose frames overlap segment timestamps,,,,,,False,
2025-09-20-17-42-51-000000,2025-09-20-17-42-51-000000:front_1:000020,fold_clothes,20.0,21.0,1.0,1.0,,,,,,,/__modal/volumes/vo-UZL6XRNnGfsFjlpmHH9EJN/segments/2025-09-20-17-42-51-000000/front_1/000020.mp4,/__modal/volumes/vo-UZL6XRNnGfsFjlpmHH9EJN/episodes/2025-09-20-17-42-51-000000,False,tracking_rejected:fewer than two pose frames overlap segment timestamps,,,,,,False,
2025-09-20-17-42-51-000000,2025-09-20-17-42-51-000000:front_1:000021,fold_clothes,21.0,22.0,1.0,1.0,,,,,,,/__modal/volumes/vo-UZL6XRNnGfsFjlpmHH9EJN/segments/2025-09-20-17-42-51-000000/front_1/000021.mp4,/__modal/volumes/vo-UZL6XRNnGfsFjlpmHH9EJN/episodes/2025-09-20-17-42-51-000000,False,tracking_rejected:fewer than two pose frames overlap segment timestamps,,,,,,False,
2025-09-20-17-42-51-000000,2025-09-20-17-42-51-000000:front_1:000022,fold_clothes,22.0,23.0,1.0,1.0,1.0,1.0,0.0,0,per_frame_inverse_head_to_world:obs_head_pose,/__modal/volumes/vo-UZL6XRNnGfsFjlpmHH9EJN/episodes/2025-09-20-17-42-51-000000,/__modal/volumes/vo-UZL6XRNnGfsFjlpmHH9EJN/segments/2025-09-20-17-42-51-000000/front_1/000022.mp4,/__modal/volumes/vo-UZL6XRNnGfsFjlpmHH9EJN/episodes/2025-09-20-17-42-51-000000,True,,fold_clothes__1,6.692425563555586,0.900990099009901,0.3564356435643564,False,True,facility_location_gain_per_second
2025-09-20-17-42-51-000000,2025-09-20-17-42-51-000000:front_1:000023,fold_clothes,23.0,24.0,1.0,1.0,1.0,1.0,0.0,0,per_frame_inverse_head_to_world:obs_head_pose,/__modal/volumes/vo-UZL6XRNnGfsFjlpmHH9EJN/episodes/2025-09-20-17-42-51-000000,/__modal/volumes/vo-UZL6XRNnGfsFjlpmHH9EJN/segments/2025-09-20-17-42-51-000000/front_1/000023.mp4,/__modal/volumes/vo-UZL6XRNnGfsFjlpmHH9EJN/episodes/2025-09-20-17-42-51-000000,True,,fold_clothes__1,4.793889531429395,0.4752475247524752,0.3564356435643564,False,False,
2025-09-20-17-42-51-000000,2025-09-20-17-42-51-000000:front_1:000024,fold_clothes,24.0,25.0,1.0,1.0,1.0,1.0,0.0,0,per_frame_inverse_head_to_world:obs_head_pose,/__modal/volumes/vo-UZL6XRNnGfsFjlpmHH9EJN/episodes/2025-09-20-17-42-51-000000,/__modal/volumes/vo-UZL6XRNnGfsFjlpmHH9EJN/segments/2025-09-20-17-42-51-000000/front_1/000024.mp4,/__modal/volumes/vo-UZL6XRNnGfsFjlpmHH9EJN/episodes/2025-09-20-17-42-51-000000,True,,fold_clothes__1,4.930239307313574,0.5148514851485149,0.3564356435643564,False,False,
2025-09-20-17-42-51-000000,2025-09-20-17-42-51-000000:front_1:000025,fold_clothes,25.0,26.0,1.0,1.0,1.0,1.0,0.0,0,per_frame_inverse_head_to_world:obs_head_pose,/__modal/volumes/vo-UZL6XRNnGfsFjlpmHH9EJN/episodes/2025-09-20-17-42-51-000000,/__modal/volumes/vo-UZL6XRNnGfsFjlpmHH9EJN/segments/2025-09-20-17-42-51-000000/front_1/000025.mp4,/__modal/volumes/vo-UZL6XRNnGfsFjlpmHH9EJN/episodes/2025-09-20-17-42-51-000000,True,,fold_clothes__1,5.975720743571901,0.7227722772277227,0.3564356435643564,False,False,
2025-09-20-17-42-51-000000,2025-09-20-17-42-51-000000:front_1:000026,fold_clothes,26.0,27.0,1.0,1.0,1.0,1.0,0.0,0,per_frame_inverse_head_to_world:obs_head_pose,/__modal/volumes/vo-UZL6XRNnGfsFjlpmHH9EJN/episodes/2025-09-20-17-42-51-000000,/__modal/volumes/vo-UZL6XRNnGfsFjlpmHH9EJN/segments/2025-09-20-17-42-51-000000/front_1/000026.mp4,/__modal/volumes/vo-UZL6XRNnGfsFjlpmHH9EJN/episodes/2025-09-20-17-42-51-000000,True,,fold_clothes__0,4.094429773399364,0.2079207920792079,0.8514851485148515,False,True,facility_location_gain_per_second
2025-09-20-17-42-51-000000,2025-09-20-17-42-51-000000:front_1:000027,fold_clothes,27.0,28.0,1.0,1.0,,,,,,,/__modal/volumes/vo-UZL6XRNnGfsFjlpmHH9EJN/segments/2025-09-20-17-42-51-000000/front_1/000027.mp4,/__modal/volumes/vo-UZL6XRNnGfsFjlpmHH9EJN/episodes/2025-09-20-17-42-51-000000,False,tracking_rejected:fewer than two pose frames overlap segment timestamps,,,,,,False,
2025-09-20-17-42-51-000000,2025-09-20-17-42-51-000000:front_1:000028,fold_clothes,28.0,29.0,1.0,1.0,,,,,,,/__modal/volumes/vo-UZL6XRNnGfsFjlpmHH9EJN/segments/2025-09-20-17-42-51-000000/front_1/000028.mp4,/__modal/volumes/vo-UZL6XRNnGfsFjlpmHH9EJN/episodes/2025-09-20-17-42-51-000000,False,tracking_rejected:fewer than two pose frames overlap segment timestamps,,,,,,False,
2025-09-20-17-42-51-000000,2025-09-20-17-42-51-000000:front_1:000029,fold_clothes,29.0,30.0,1.0,1.0,,,,,,,/__modal/volumes/vo-UZL6XRNnGfsFjlpmHH9EJN/segments/2025-09-20-17-42-51-000000/front_1/000029.mp4,/__modal/volumes/vo-UZL6XRNnGfsFjlpmHH9EJN/episodes/2025-09-20-17-42-51-000000,False,tracking_rejected:fewer than two pose frames overlap segment timestamps,,,,,,False,
2025-09-20-17-42-51-000000,2025-09-20-17-42-51-000000:front_1:000030,fold_clothes,30.0,31.0,1.0,1.0,,,,,,,/__modal/volumes/vo-UZL6XRNnGfsFjlpmHH9EJN/segments/2025-09-20-17-42-51-000000/front_1/000030.mp4,/__modal/volumes/vo-UZL6XRNnGfsFjlpmHH9EJN/episodes/2025-09-20-17-42-51-000000,False,tracking_rejected:fewer than two pose frames overlap segment timestamps,,,,,,False,
2025-09-20-17-42-51-000000,2025-09-20-17-42-51-000000:front_1:000031,fold_clothes,31.0,32.0,1.0,1.0,,,,,,,/__modal/volumes/vo-UZL6XRNnGfsFjlpmHH9EJN/segments/2025-09-20-17-42-51-000000/front_1/000031.mp4,/__modal/volumes/vo-UZL6XRNnGfsFjlpmHH9EJN/episodes/2025-09-20-17-42-51-000000,False,tracking_rejected:fewer than two pose frames overlap segment timestamps,,,,,,False,
2025-09-20-17-42-51-000000,2025-09-20-17-42-51-000000:front_1:000032,fold_clothes,32.0,33.0,1.0,1.0,1.0,1.0,0.0,0,per_frame_inverse_head_to_world:obs_head_pose,/__modal/volumes/vo-UZL6XRNnGfsFjlpmHH9EJN/episodes/2025-09-20-17-42-51-000000,/__modal/volumes/vo-UZL6XRNnGfsFjlpmHH9EJN/segments/2025-09-20-17-42-51-000000/front_1/000032.mp4,/__modal/volumes/vo-UZL6XRNnGfsFjlpmHH9EJN/episodes/2025-09-20-17-42-51-000000,True,,fold_clothes__1,6.547710283460965,0.8514851485148515,0.3564356435643564,False,True,facility_location_gain_per_second
2025-09-20-17-42-51-000000,2025-09-20-17-42-51-000000:front_1:000033,fold_clothes,33.0,34.0,1.0,1.0,1.0,1.0,0.0,0,per_frame_inverse_head_to_world:obs_head_pose,/__modal/volumes/vo-UZL6XRNnGfsFjlpmHH9EJN/episodes/2025-09-20-17-42-51-000000,/__modal/volumes/vo-UZL6XRNnGfsFjlpmHH9EJN/segments/2025-09-20-17-42-51-000000/front_1/000033.mp4,/__modal/volumes/vo-UZL6XRNnGfsFjlpmHH9EJN/episodes/2025-09-20-17-42-51-000000,True,,fold_clothes__1,4.476928313203132,0.36633663366336633,0.3564356435643564,False,False,
2025-09-20-17-42-51-000000,2025-09-20-17-42-51-000000:front_1:000034,fold_clothes,34.0,35.0,1.0,1.0,1.0,1.0,0.0,0,per_frame_inverse_head_to_world:obs_head_pose,/__modal/volumes/vo-UZL6XRNnGfsFjlpmHH9EJN/episodes/2025-09-20-17-42-51-000000,/__modal/volumes/vo-UZL6XRNnGfsFjlpmHH9EJN/segments/2025-09-20-17-42-51-000000/front_1/000034.mp4,/__modal/volumes/vo-UZL6XRNnGfsFjlpmHH9EJN/episodes/2025-09-20-17-42-51-000000,True,,fold_clothes__3,4.696156013171333,0.42574257425742573,0.8910891089108911,False,False,
2025-09-20-17-42-51-000000,2025-09-20-17-42-51-000000:front_1:000035,fold_clothes,35.0,36.0,1.0,1.0,1.0,1.0,0.0,0,per_frame_inverse_head_to_world:obs_head_pose,/__modal/volumes/vo-UZL6XRNnGfsFjlpmHH9EJN/episodes/2025-09-20-17-42-51-000000,/__modal/volumes/vo-UZL6XRNnGfsFjlpmHH9EJN/segments/2025-09-20-17-42-51-000000/front_1/000035.mp4,/__modal/volumes/vo-UZL6XRNnGfsFjlpmHH9EJN/episodes/2025-09-20-17-42-51-000000,True,,fold_clothes__0,4.968021482276245,0.5346534653465347,0.8514851485148515,False,True,facility_location_gain_per_second
2025-09-20-17-42-51-000000,2025-09-20-17-42-51-000000:front_1:000036,fold_clothes,36.0,37.0,1.0,1.0,,,,,,,/__modal/volumes/vo-UZL6XRNnGfsFjlpmHH9EJN/segments/2025-09-20-17-42-51-000000/front_1/000036.mp4,/__modal/volumes/vo-UZL6XRNnGfsFjlpmHH9EJN/episodes/2025-09-20-17-42-51-000000,False,tracking_rejected:fewer than two pose frames overlap segment timestamps,,,,,,False,
2025-09-20-17-42-51-000000,2025-09-20-17-42-51-000000:front_1:000037,fold_clothes,37.0,38.0,1.0,1.0,,,,,,,/__modal/volumes/vo-UZL6XRNnGfsFjlpmHH9EJN/segments/2025-09-20-17-42-51-000000/front_1/000037.mp4,/__modal/volumes/vo-UZL6XRNnGfsFjlpmHH9EJN/episodes/2025-09-20-17-42-51-000000,False,tracking_rejected:fewer than two pose frames overlap segment timestamps,,,,,,False,
2025-09-20-17-42-51-000000,2025-09-20-17-42-51-000000:front_1:000038,fold_clothes,38.0,39.0,1.0,1.0,,,,,,,/__modal/volumes/vo-UZL6XRNnGfsFjlpmHH9EJN/segments/2025-09-20-17-42-51-000000/front_1/000038.mp4,/__modal/volumes/vo-UZL6XRNnGfsFjlpmHH9EJN/episodes/2025-09-20-17-42-51-000000,False,tracking_rejected:fewer than two pose frames overlap segment timestamps,,,,,,False,
2025-09-20-17-42-51-000000,2025-09-20-17-42-51-000000:front_1:000039,fold_clothes,39.0,40.0,1.0,1.0,,,,,,,/__modal/volumes/vo-UZL6XRNnGfsFjlpmHH9EJN/segments/2025-09-20-17-42-51-000000/front_1/000039.mp4,/__modal/volumes/vo-UZL6XRNnGfsFjlpmHH9EJN/episodes/2025-09-20-17-42-51-000000,False,tracking_rejected:fewer than two pose frames overlap segment timestamps,,,,,,False,
2025-09-20-17-42-51-000000,2025-09-20-17-42-51-000000:front_1:000040,fold_clothes,40.0,41.0,1.0,1.0,,,,,,,/__modal/volumes/vo-UZL6XRNnGfsFjlpmHH9EJN/segments/2025-09-20-17-42-51-000000/front_1/000040.mp4,/__modal/volumes/vo-UZL6XRNnGfsFjlpmHH9EJN/episodes/2025-09-20-17-42-51-000000,False,tracking_rejected:fewer than two pose frames overlap segment timestamps,,,,,,False,
2025-09-20-17-42-51-000000,2025-09-20-17-42-51-000000:front_1:000041,fold_clothes,41.0,42.0,1.0,1.0,1.0,1.0,0.0,0,per_frame_inverse_head_to_world:obs_head_pose,/__modal/volumes/vo-UZL6XRNnGfsFjlpmHH9EJN/episodes/2025-09-20-17-42-51-000000,/__modal/volumes/vo-UZL6XRNnGfsFjlpmHH9EJN/segments/2025-09-20-17-42-51-000000/front_1/000041.mp4,/__modal/volumes/vo-UZL6XRNnGfsFjlpmHH9EJN/episodes/2025-09-20-17-42-51-000000,True,,fold_clothes__1,6.6393453767682455,0.8811881188118812,0.3564356435643564,False,True,facility_location_gain_per_second
2025-09-20-17-42-51-000000,2025-09-20-17-42-51-000000:front_1:000042,fold_clothes,42.0,43.0,1.0,1.0,1.0,1.0,0.0,0,per_frame_inverse_head_to_world:obs_head_pose,/__modal/volumes/vo-UZL6XRNnGfsFjlpmHH9EJN/episodes/2025-09-20-17-42-51-000000,/__modal/volumes/vo-UZL6XRNnGfsFjlpmHH9EJN/segments/2025-09-20-17-42-51-000000/front_1/000042.mp4,/__modal/volumes/vo-UZL6XRNnGfsFjlpmHH9EJN/episodes/2025-09-20-17-42-51-000000,True,,fold_clothes__1,4.4639620512895535,0.3564356435643564,0.3564356435643564,False,False,
2025-09-20-17-42-51-000000,2025-09-20-17-42-51-000000:front_1:000043,fold_clothes,43.0,44.0,1.0,1.0,1.0,1.0,0.0,0,per_frame_inverse_head_to_world:obs_head_pose,/__modal/volumes/vo-UZL6XRNnGfsFjlpmHH9EJN/episodes/2025-09-20-17-42-51-000000,/__modal/volumes/vo-UZL6XRNnGfsFjlpmHH9EJN/segments/2025-09-20-17-42-51-000000/front_1/000043.mp4,/__modal/volumes/vo-UZL6XRNnGfsFjlpmHH9EJN/episodes/2025-09-20-17-42-51-000000,True,,fold_clothes__3,4.709491262271397,0.44554455445544555,0.8910891089108911,False,False,
2025-09-20-17-42-51-000000,2025-09-20-17-42-51-000000:front_1:000044,fold_clothes,44.0,45.0,1.0,1.0,1.0,1.0,0.0,0,per_frame_inverse_head_to_world:obs_head_pose,/__modal/volumes/vo-UZL6XRNnGfsFjlpmHH9EJN/episodes/2025-09-20-17-42-51-000000,/__modal/volumes/vo-UZL6XRNnGfsFjlpmHH9EJN/segments/2025-09-20-17-42-51-000000/front_1/000044.mp4,/__modal/volumes/vo-UZL6XRNnGfsFjlpmHH9EJN/episodes/2025-09-20-17-42-51-000000,True,,fold_clothes__0,4.928171544157424,0.504950495049505,0.8514851485148515,False,False,
2025-09-20-17-42-51-000000,2025-09-20-17-42-51-000000:front_1:000045,fold_clothes,45.0,46.0,1.0,1.0,,,,,,,/__modal/volumes/vo-UZL6XRNnGfsFjlpmHH9EJN/segments/2025-09-20-17-42-51-000000/front_1/000045.mp4,/__modal/volumes/vo-UZL6XRNnGfsFjlpmHH9EJN/episodes/2025-09-20-17-42-51-000000,False,tracking_rejected:fewer than two pose frames overlap segment timestamps,,,,,,False,
2025-09-20-17-42-51-000000,2025-09-20-17-42-51-000000:front_1:000046,fold_clothes,46.0,47.0,1.0,1.0,,,,,,,/__modal/volumes/vo-UZL6XRNnGfsFjlpmHH9EJN/segments/2025-09-20-17-42-51-000000/front_1/000046.mp4,/__modal/volumes/vo-UZL6XRNnGfsFjlpmHH9EJN/episodes/2025-09-20-17-42-51-000000,False,tracking_rejected:fewer than two pose frames overlap segment timestamps,,,,,,False,
2025-09-20-17-42-51-000000,2025-09-20-17-42-51-000000:front_1:000047,fold_clothes,47.0,48.0,1.0,1.0,,,,,,,/__modal/volumes/vo-UZL6XRNnGfsFjlpmHH9EJN/segments/2025-09-20-17-42-51-000000/front_1/000047.mp4,/__modal/volumes/vo-UZL6XRNnGfsFjlpmHH9EJN/episodes/2025-09-20-17-42-51-000000,False,tracking_rejected:fewer than two pose frames overlap segment timestamps,,,,,,False,
2025-09-20-17-42-51-000000,2025-09-20-17-42-51-000000:front_1:000048,fold_clothes,48.0,49.0,1.0,1.0,,,,,,,/__modal/volumes/vo-UZL6XRNnGfsFjlpmHH9EJN/segments/2025-09-20-17-42-51-000000/front_1/000048.mp4,/__modal/volumes/vo-UZL6XRNnGfsFjlpmHH9EJN/episodes/2025-09-20-17-42-51-000000,False,tracking_rejected:fewer than two pose frames overlap segment timestamps,,,,,,False,
2025-09-20-17-42-51-000000,2025-09-20-17-42-51-000000:front_1:000049,fold_clothes,49.0,50.0,1.0,1.0,,,,,,,/__modal/volumes/vo-UZL6XRNnGfsFjlpmHH9EJN/segments/2025-09-20-17-42-51-000000/front_1/000049.mp4,/__modal/volumes/vo-UZL6XRNnGfsFjlpmHH9EJN/episodes/2025-09-20-17-42-51-000000,False,tracking_rejected:fewer than two pose frames overlap segment timestamps,,,,,,False,
2025-09-20-17-42-51-000000,2025-09-20-17-42-51-000000:front_1:000050,fold_clothes,50.0,51.0,1.0,1.0,1.0,1.0,0.0,0,per_frame_inverse_head_to_world:obs_head_pose,/__modal/volumes/vo-UZL6XRNnGfsFjlpmHH9EJN/episodes/2025-09-20-17-42-51-000000,/__modal/volumes/vo-UZL6XRNnGfsFjlpmHH9EJN/segments/2025-09-20-17-42-51-000000/front_1/000050.mp4,/__modal/volumes/vo-UZL6XRNnGfsFjlpmHH9EJN/episodes/2025-09-20-17-42-51-000000,True,,fold_clothes__1,4.701213312156029,0.43564356435643564,0.3564356435643564,False,False,
2025-09-20-17-42-51-000000,2025-09-20-17-42-51-000000:front_1:000051,fold_clothes,51.0,52.0,1.0,1.0,1.0,1.0,0.0,0,per_frame_inverse_head_to_world:obs_head_pose,/__modal/volumes/vo-UZL6XRNnGfsFjlpmHH9EJN/episodes/2025-09-20-17-42-51-000000,/__modal/volumes/vo-UZL6XRNnGfsFjlpmHH9EJN/segments/2025-09-20-17-42-51-000000/front_1/000051.mp4,/__modal/volumes/vo-UZL6XRNnGfsFjlpmHH9EJN/episodes/2025-09-20-17-42-51-000000,True,,fold_clothes__1,7.251727995563831,0.9405940594059405,0.3564356435643564,False,True,facility_location_gain_per_second
2025-09-20-17-42-51-000000,2025-09-20-17-42-51-000000:front_1:000052,fold_clothes,52.0,53.0,1.0,1.0,1.0,1.0,0.0,0,per_frame_inverse_head_to_world:obs_head_pose,/__modal/volumes/vo-UZL6XRNnGfsFjlpmHH9EJN/episodes/2025-09-20-17-42-51-000000,/__modal/volumes/vo-UZL6XRNnGfsFjlpmHH9EJN/segments/2025-09-20-17-42-51-000000/front_1/000052.mp4,/__modal/volumes/vo-UZL6XRNnGfsFjlpmHH9EJN/episodes/2025-09-20-17-42-51-000000,True,,fold_clothes__1,4.253659699231575,0.24752475247524752,0.3564356435643564,False,True,facility_location_gain_per_second
2025-09-20-17-42-51-000000,2025-09-20-17-42-51-000000:front_1:000053,fold_clothes,53.0,54.0,1.0,1.0,1.0,1.0,0.0,0,per_frame_inverse_head_to_world:obs_head_pose,/__modal/volumes/vo-UZL6XRNnGfsFjlpmHH9EJN/episodes/2025-09-20-17-42-51-000000,/__modal/volumes/vo-UZL6XRNnGfsFjlpmHH9EJN/segments/2025-09-20-17-42-51-000000/front_1/000053.mp4,/__modal/volumes/vo-UZL6XRNnGfsFjlpmHH9EJN/episodes/2025-09-20-17-42-51-000000,True,,fold_clothes__3,4.330848724845755,0.26732673267326734,0.8910891089108911,False,True,facility_location_gain_per_second
2025-09-20-17-42-51-000000,2025-09-20-17-42-51-000000:front_1:000054,fold_clothes,54.0,55.0,1.0,1.0,1.0,1.0,0.0,0,per_frame_inverse_head_to_world:obs_head_pose,/__modal/volumes/vo-UZL6XRNnGfsFjlpmHH9EJN/episodes/2025-09-20-17-42-51-000000,/__modal/volumes/vo-UZL6XRNnGfsFjlpmHH9EJN/segments/2025-09-20-17-42-51-000000/front_1/000054.mp4,/__modal/volumes/vo-UZL6XRNnGfsFjlpmHH9EJN/episodes/2025-09-20-17-42-51-000000,True,,fold_clothes__0,5.23612853790628,0.6237623762376238,0.8514851485148515,False,False,
2025-09-20-17-42-51-000000,2025-09-20-17-42-51-000000:front_1:000055,fold_clothes,55.0,56.0,1.0,1.0,,,,,,,/__modal/volumes/vo-UZL6XRNnGfsFjlpmHH9EJN/segments/2025-09-20-17-42-51-000000/front_1/000055.mp4,/__modal/volumes/vo-UZL6XRNnGfsFjlpmHH9EJN/episodes/2025-09-20-17-42-51-000000,False,tracking_rejected:fewer than two pose frames overlap segment timestamps,,,,,,False,
2025-09-20-17-42-51-000000,2025-09-20-17-42-51-000000:front_1:000056,fold_clothes,56.0,57.0,1.0,1.0,,,,,,,/__modal/volumes/vo-UZL6XRNnGfsFjlpmHH9EJN/segments/2025-09-20-17-42-51-000000/front_1/000056.mp4,/__modal/volumes/vo-UZL6XRNnGfsFjlpmHH9EJN/episodes/2025-09-20-17-42-51-000000,False,tracking_rejected:fewer than two pose frames overlap segment timestamps,,,,,,False,
2025-09-20-17-42-51-000000,2025-09-20-17-42-51-000000:front_1:000057,fold_clothes,57.0,58.0,1.0,1.0,,,,,,,/__modal/volumes/vo-UZL6XRNnGfsFjlpmHH9EJN/segments/2025-09-20-17-42-51-000000/front_1/000057.mp4,/__modal/volumes/vo-UZL6XRNnGfsFjlpmHH9EJN/episodes/2025-09-20-17-42-51-000000,False,tracking_rejected:fewer than two pose frames overlap segment timestamps,,,,,,False,
2025-09-20-17-42-51-000000,2025-09-20-17-42-51-000000:front_1:000058,fold_clothes,58.0,59.0,1.0,1.0,,,,,,,/__modal/volumes/vo-UZL6XRNnGfsFjlpmHH9EJN/segments/2025-09-20-17-42-51-000000/front_1/000058.mp4,/__modal/volumes/vo-UZL6XRNnGfsFjlpmHH9EJN/episodes/2025-09-20-17-42-51-000000,False,tracking_rejected:fewer than two pose frames overlap segment timestamps,,,,,,False,
2025-09-20-17-42-51-000000,2025-09-20-17-42-51-000000:front_1:000059,fold_clothes,59.0,60.0,1.0,1.0,,,,,,,/__modal/volumes/vo-UZL6XRNnGfsFjlpmHH9EJN/segments/2025-09-20-17-42-51-000000/front_1/000059.mp4,/__modal/volumes/vo-UZL6XRNnGfsFjlpmHH9EJN/episodes/2025-09-20-17-42-51-000000,False,tracking_rejected:fewer than two pose frames overlap segment timestamps,,,,,,False,
2025-09-20-17-42-51-000000,2025-09-20-17-42-51-000000:front_1:000060,fold_clothes,60.0,61.0,1.0,1.0,1.0,1.0,0.0,0,per_frame_inverse_head_to_world:obs_head_pose,/__modal/volumes/vo-UZL6XRNnGfsFjlpmHH9EJN/episodes/2025-09-20-17-42-51-000000,/__modal/volumes/vo-UZL6XRNnGfsFjlpmHH9EJN/segments/2025-09-20-17-42-51-000000/front_1/000060.mp4,/__modal/volumes/vo-UZL6XRNnGfsFjlpmHH9EJN/episodes/2025-09-20-17-42-51-000000,True,,fold_clothes__1,6.6839124201544085,0.8910891089108911,0.3564356435643564,False,True,facility_location_gain_per_second
2025-09-20-17-42-51-000000,2025-09-20-17-42-51-000000:front_1:000061,fold_clothes,61.0,62.0,1.0,1.0,1.0,1.0,0.0,0,per_frame_inverse_head_to_world:obs_head_pose,/__modal/volumes/vo-UZL6XRNnGfsFjlpmHH9EJN/episodes/2025-09-20-17-42-51-000000,/__modal/volumes/vo-UZL6XRNnGfsFjlpmHH9EJN/segments/2025-09-20-17-42-51-000000/front_1/000061.mp4,/__modal/volumes/vo-UZL6XRNnGfsFjlpmHH9EJN/episodes/2025-09-20-17-42-51-000000,True,,fold_clothes__1,5.5041435649050845,0.6435643564356436,0.3564356435643564,False,False,
2025-09-20-17-42-51-000000,2025-09-20-17-42-51-000000:front_1:000062,fold_clothes,62.0,63.0,1.0,1.0,1.0,1.0,0.0,0,per_frame_inverse_head_to_world:obs_head_pose,/__modal/volumes/vo-UZL6XRNnGfsFjlpmHH9EJN/episodes/2025-09-20-17-42-51-000000,/__modal/volumes/vo-UZL6XRNnGfsFjlpmHH9EJN/segments/2025-09-20-17-42-51-000000/front_1/000062.mp4,/__modal/volumes/vo-UZL6XRNnGfsFjlpmHH9EJN/episodes/2025-09-20-17-42-51-000000,True,,fold_clothes__2,6.096951277975379,0.7524752475247525,0.900990099009901,False,False,
2025-09-20-17-42-51-000000,2025-09-20-17-42-51-000000:front_1:000063,fold_clothes,63.0,64.0,1.0,1.0,1.0,1.0,0.0,0,per_frame_inverse_head_to_world:obs_head_pose,/__modal/volumes/vo-UZL6XRNnGfsFjlpmHH9EJN/episodes/2025-09-20-17-42-51-000000,/__modal/volumes/vo-UZL6XRNnGfsFjlpmHH9EJN/segments/2025-09-20-17-42-51-000000/front_1/000063.mp4,/__modal/volumes/vo-UZL6XRNnGfsFjlpmHH9EJN/episodes/2025-09-20-17-42-51-000000,True,,fold_clothes__3,6.56990045121768,0.8712871287128713,0.8910891089108911,False,True,facility_location_gain_per_second
2025-09-20-17-42-51-000000,2025-09-20-17-42-51-000000:front_1:000064,fold_clothes,64.0,65.0,1.0,1.0,1.0,1.0,0.0,0,per_frame_inverse_head_to_world:obs_head_pose,/__modal/volumes/vo-UZL6XRNnGfsFjlpmHH9EJN/episodes/2025-09-20-17-42-51-000000,/__modal/volumes/vo-UZL6XRNnGfsFjlpmHH9EJN/segments/2025-09-20-17-42-51-000000/front_1/000064.mp4,/__modal/volumes/vo-UZL6XRNnGfsFjlpmHH9EJN/episodes/2025-09-20-17-42-51-000000,True,,fold_clothes__0,5.142576522129084,0.6039603960396039,0.8514851485148515,False,False,
2025-09-20-17-42-51-000000,2025-09-20-17-42-51-000000:front_1:000065,fold_clothes,65.0,66.0,1.0,1.0,,,,,,,/__modal/volumes/vo-UZL6XRNnGfsFjlpmHH9EJN/segments/2025-09-20-17-42-51-000000/front_1/000065.mp4,/__modal/volumes/vo-UZL6XRNnGfsFjlpmHH9EJN/episodes/2025-09-20-17-42-51-000000,False,tracking_rejected:fewer than two pose frames overlap segment timestamps,,,,,,False,
2025-09-20-17-42-51-000000,2025-09-20-17-42-51-000000:front_1:000066,fold_clothes,66.0,67.0,1.0,1.0,,,,,,,/__modal/volumes/vo-UZL6XRNnGfsFjlpmHH9EJN/segments/2025-09-20-17-42-51-000000/front_1/000066.mp4,/__modal/volumes/vo-UZL6XRNnGfsFjlpmHH9EJN/episodes/2025-09-20-17-42-51-000000,False,tracking_rejected:fewer than two pose frames overlap segment timestamps,,,,,,False,
2025-09-20-17-42-51-000000,2025-09-20-17-42-51-000000:front_1:000067,fold_clothes,67.0,68.0,1.0,1.0,,,,,,,/__modal/volumes/vo-UZL6XRNnGfsFjlpmHH9EJN/segments/2025-09-20-17-42-51-000000/front_1/000067.mp4,/__modal/volumes/vo-UZL6XRNnGfsFjlpmHH9EJN/episodes/2025-09-20-17-42-51-000000,False,tracking_rejected:fewer than two pose frames overlap segment timestamps,,,,,,False,
2025-09-20-17-42-51-000000,2025-09-20-17-42-51-000000:front_1:000068,fold_clothes,68.0,69.0,1.0,1.0,,,,,,,/__modal/volumes/vo-UZL6XRNnGfsFjlpmHH9EJN/segments/2025-09-20-17-42-51-000000/front_1/000068.mp4,/__modal/volumes/vo-UZL6XRNnGfsFjlpmHH9EJN/episodes/2025-09-20-17-42-51-000000,False,tracking_rejected:fewer than two pose frames overlap segment timestamps,,,,,,False,
2025-09-20-17-42-51-000000,2025-09-20-17-42-51-000000:front_1:000069,fold_clothes,69.0,70.0,1.0,1.0,1.0,1.0,0.0,0,per_frame_inverse_head_to_world:obs_head_pose,/__modal/volumes/vo-UZL6XRNnGfsFjlpmHH9EJN/episodes/2025-09-20-17-42-51-000000,/__modal/volumes/vo-UZL6XRNnGfsFjlpmHH9EJN/segments/2025-09-20-17-42-51-000000/front_1/000069.mp4,/__modal/volumes/vo-UZL6XRNnGfsFjlpmHH9EJN/episodes/2025-09-20-17-42-51-000000,True,,fold_clothes__1,4.14969647235287,0.22772277227722773,0.3564356435643564,False,True,facility_location_gain_per_second
2025-09-20-17-42-51-000000,2025-09-20-17-42-51-000000:front_1:000070,fold_clothes,70.0,71.0,1.0,1.0,1.0,1.0,0.0,0,per_frame_inverse_head_to_world:obs_head_pose,/__modal/volumes/vo-UZL6XRNnGfsFjlpmHH9EJN/episodes/2025-09-20-17-42-51-000000,/__modal/volumes/vo-UZL6XRNnGfsFjlpmHH9EJN/segments/2025-09-20-17-42-51-000000/front_1/000070.mp4,/__modal/volumes/vo-UZL6XRNnGfsFjlpmHH9EJN/episodes/2025-09-20-17-42-51-000000,True,,fold_clothes__1,4.409111694087972,0.32673267326732675,0.3564356435643564,False,False,
2025-09-20-17-42-51-000000,2025-09-20-17-42-51-000000:front_1:000071,fold_clothes,71.0,72.0,1.0,1.0,1.0,1.0,0.0,0,per_frame_inverse_head_to_world:obs_head_pose,/__modal/volumes/vo-UZL6XRNnGfsFjlpmHH9EJN/episodes/2025-09-20-17-42-51-000000,/__modal/volumes/vo-UZL6XRNnGfsFjlpmHH9EJN/segments/2025-09-20-17-42-51-000000/front_1/000071.mp4,/__modal/volumes/vo-UZL6XRNnGfsFjlpmHH9EJN/episodes/2025-09-20-17-42-51-000000,True,,fold_clothes__1,5.485596808851793,0.6336633663366337,0.3564356435643564,False,False,
2025-09-20-17-42-51-000000,2025-09-20-17-42-51-000000:front_1:000072,fold_clothes,72.0,73.0,1.0,1.0,1.0,1.0,0.0,0,per_frame_inverse_head_to_world:obs_head_pose,/__modal/volumes/vo-UZL6XRNnGfsFjlpmHH9EJN/episodes/2025-09-20-17-42-51-000000,/__modal/volumes/vo-UZL6XRNnGfsFjlpmHH9EJN/segments/2025-09-20-17-42-51-000000/front_1/000072.mp4,/__modal/volumes/vo-UZL6XRNnGfsFjlpmHH9EJN/episodes/2025-09-20-17-42-51-000000,True,,fold_clothes__0,7.4339011924076575,0.9603960396039604,0.8514851485148515,False,True,facility_location_gain_per_second
2025-09-20-17-42-51-000000,2025-09-20-17-42-51-000000:front_1:000073,fold_clothes,73.0,74.0,1.0,1.0,,,,,,,/__modal/volumes/vo-UZL6XRNnGfsFjlpmHH9EJN/segments/2025-09-20-17-42-51-000000/front_1/000073.mp4,/__modal/volumes/vo-UZL6XRNnGfsFjlpmHH9EJN/episodes/2025-09-20-17-42-51-000000,False,tracking_rejected:fewer than two pose frames overlap segment timestamps,,,,,,False,
2025-09-20-17-42-51-000000,2025-09-20-17-42-51-000000:front_1:000074,fold_clothes,74.0,75.0,1.0,1.0,,,,,,,/__modal/volumes/vo-UZL6XRNnGfsFjlpmHH9EJN/segments/2025-09-20-17-42-51-000000/front_1/000074.mp4,/__modal/volumes/vo-UZL6XRNnGfsFjlpmHH9EJN/episodes/2025-09-20-17-42-51-000000,False,tracking_rejected:fewer than two pose frames overlap segment timestamps,,,,,,False,
2025-09-20-17-42-51-000000,2025-09-20-17-42-51-000000:front_1:000075,fold_clothes,75.0,76.0,1.0,1.0,,,,,,,/__modal/volumes/vo-UZL6XRNnGfsFjlpmHH9EJN/segments/2025-09-20-17-42-51-000000/front_1/000075.mp4,/__modal/volumes/vo-UZL6XRNnGfsFjlpmHH9EJN/episodes/2025-09-20-17-42-51-000000,False,tracking_rejected:fewer than two pose frames overlap segment timestamps,,,,,,False,
2025-09-20-17-42-51-000000,2025-09-20-17-42-51-000000:front_1:000076,fold_clothes,76.0,77.0,1.0,1.0,,,,,,,/__modal/volumes/vo-UZL6XRNnGfsFjlpmHH9EJN/segments/2025-09-20-17-42-51-000000/front_1/000076.mp4,/__modal/volumes/vo-UZL6XRNnGfsFjlpmHH9EJN/episodes/2025-09-20-17-42-51-000000,False,tracking_rejected:fewer than two pose frames overlap segment timestamps,,,,,,False,
2025-09-20-17-42-51-000000,2025-09-20-17-42-51-000000:front_1:000077,fold_clothes,77.0,78.0,1.0,1.0,1.0,1.0,0.0,0,per_frame_inverse_head_to_world:obs_head_pose,/__modal/volumes/vo-UZL6XRNnGfsFjlpmHH9EJN/episodes/2025-09-20-17-42-51-000000,/__modal/volumes/vo-UZL6XRNnGfsFjlpmHH9EJN/segments/2025-09-20-17-42-51-000000/front_1/000077.mp4,/__modal/volumes/vo-UZL6XRNnGfsFjlpmHH9EJN/episodes/2025-09-20-17-42-51-000000,True,,fold_clothes__1,4.557417350168708,0.38613861386138615,0.3564356435643564,False,False,
2025-09-20-17-42-51-000000,2025-09-20-17-42-51-000000:front_1:000078,fold_clothes,78.0,79.0,1.0,1.0,1.0,1.0,0.0,0,per_frame_inverse_head_to_world:obs_head_pose,/__modal/volumes/vo-UZL6XRNnGfsFjlpmHH9EJN/episodes/2025-09-20-17-42-51-000000,/__modal/volumes/vo-UZL6XRNnGfsFjlpmHH9EJN/segments/2025-09-20-17-42-51-000000/front_1/000078.mp4,/__modal/volumes/vo-UZL6XRNnGfsFjlpmHH9EJN/episodes/2025-09-20-17-42-51-000000,True,,fold_clothes__1,4.442180534482199,0.3465346534653465,0.3564356435643564,False,False,
2025-09-20-17-42-51-000000,2025-09-20-17-42-51-000000:front_1:000079,fold_clothes,79.0,80.0,1.0,1.0,1.0,1.0,0.0,0,per_frame_inverse_head_to_world:obs_head_pose,/__modal/volumes/vo-UZL6XRNnGfsFjlpmHH9EJN/episodes/2025-09-20-17-42-51-000000,/__modal/volumes/vo-UZL6XRNnGfsFjlpmHH9EJN/segments/2025-09-20-17-42-51-000000/front_1/000079.mp4,/__modal/volumes/vo-UZL6XRNnGfsFjlpmHH9EJN/episodes/2025-09-20-17-42-51-000000,True,,fold_clothes__2,5.058462865862449,0.5643564356435643,0.900990099009901,False,False,
2025-09-20-17-42-51-000000,2025-09-20-17-42-51-000000:front_1:000080,fold_clothes,80.0,81.0,1.0,1.0,1.0,1.0,0.0,0,per_frame_inverse_head_to_world:obs_head_pose,/__modal/volumes/vo-UZL6XRNnGfsFjlpmHH9EJN/episodes/2025-09-20-17-42-51-000000,/__modal/volumes/vo-UZL6XRNnGfsFjlpmHH9EJN/segments/2025-09-20-17-42-51-000000/front_1/000080.mp4,/__modal/volumes/vo-UZL6XRNnGfsFjlpmHH9EJN/episodes/2025-09-20-17-42-51-000000,True,,fold_clothes__3,5.033525701317868,0.5544554455445545,0.8910891089108911,False,False,
2025-09-20-17-42-51-000000,2025-09-20-17-42-51-000000:front_1:000081,fold_clothes,81.0,82.0,1.0,1.0,1.0,1.0,0.0,0,per_frame_inverse_head_to_world:obs_head_pose,/__modal/volumes/vo-UZL6XRNnGfsFjlpmHH9EJN/episodes/2025-09-20-17-42-51-000000,/__modal/volumes/vo-UZL6XRNnGfsFjlpmHH9EJN/segments/2025-09-20-17-42-51-000000/front_1/000081.mp4,/__modal/volumes/vo-UZL6XRNnGfsFjlpmHH9EJN/episodes/2025-09-20-17-42-51-000000,True,,fold_clothes__0,6.881750548038378,0.9108910891089109,0.8514851485148515,False,True,facility_location_gain_per_second
2025-09-20-17-42-51-000000,2025-09-20-17-42-51-000000:front_1:000082,fold_clothes,82.0,83.0,1.0,1.0,,,,,,,/__modal/volumes/vo-UZL6XRNnGfsFjlpmHH9EJN/segments/2025-09-20-17-42-51-000000/front_1/000082.mp4,/__modal/volumes/vo-UZL6XRNnGfsFjlpmHH9EJN/episodes/2025-09-20-17-42-51-000000,False,tracking_rejected:fewer than two pose frames overlap segment timestamps,,,,,,False,
2025-09-20-17-42-51-000000,2025-09-20-17-42-51-000000:front_1:000083,fold_clothes,83.0,84.0,1.0,1.0,,,,,,,/__modal/volumes/vo-UZL6XRNnGfsFjlpmHH9EJN/segments/2025-09-20-17-42-51-000000/front_1/000083.mp4,/__modal/volumes/vo-UZL6XRNnGfsFjlpmHH9EJN/episodes/2025-09-20-17-42-51-000000,False,tracking_rejected:fewer than two pose frames overlap segment timestamps,,,,,,False,
2025-09-20-17-42-51-000000,2025-09-20-17-42-51-000000:front_1:000084,fold_clothes,84.0,85.0,1.0,1.0,,,,,,,/__modal/volumes/vo-UZL6XRNnGfsFjlpmHH9EJN/segments/2025-09-20-17-42-51-000000/front_1/000084.mp4,/__modal/volumes/vo-UZL6XRNnGfsFjlpmHH9EJN/episodes/2025-09-20-17-42-51-000000,False,tracking_rejected:fewer than two pose frames overlap segment timestamps,,,,,,False,
2025-09-20-17-42-51-000000,2025-09-20-17-42-51-000000:front_1:000085,fold_clothes,85.0,86.0,1.0,1.0,,,,,,,/__modal/volumes/vo-UZL6XRNnGfsFjlpmHH9EJN/segments/2025-09-20-17-42-51-000000/front_1/000085.mp4,/__modal/volumes/vo-UZL6XRNnGfsFjlpmHH9EJN/episodes/2025-09-20-17-42-51-000000,False,tracking_rejected:fewer than two pose frames overlap segment timestamps,,,,,,False,
2025-09-20-17-42-51-000000,2025-09-20-17-42-51-000000:front_1:000086,fold_clothes,86.0,87.0,1.0,1.0,,,,,,,/__modal/volumes/vo-UZL6XRNnGfsFjlpmHH9EJN/segments/2025-09-20-17-42-51-000000/front_1/000086.mp4,/__modal/volumes/vo-UZL6XRNnGfsFjlpmHH9EJN/episodes/2025-09-20-17-42-51-000000,False,tracking_rejected:fewer than two pose frames overlap segment timestamps,,,,,,False,
2025-09-20-17-42-51-000000,2025-09-20-17-42-51-000000:front_1:000087,fold_clothes,87.0,88.0,1.0,1.0,1.0,1.0,0.0,0,per_frame_inverse_head_to_world:obs_head_pose,/__modal/volumes/vo-UZL6XRNnGfsFjlpmHH9EJN/episodes/2025-09-20-17-42-51-000000,/__modal/volumes/vo-UZL6XRNnGfsFjlpmHH9EJN/segments/2025-09-20-17-42-51-000000/front_1/000087.mp4,/__modal/volumes/vo-UZL6XRNnGfsFjlpmHH9EJN/episodes/2025-09-20-17-42-51-000000,True,,fold_clothes__1,2.701803119120079,0.0297029702970297,0.3564356435643564,False,True,facility_location_gain_per_second
2025-09-20-17-42-51-000000,2025-09-20-17-42-51-000000:front_1:000088,fold_clothes,88.0,89.0,1.0,1.0,1.0,1.0,0.0,0,per_frame_inverse_head_to_world:obs_head_pose,/__modal/volumes/vo-UZL6XRNnGfsFjlpmHH9EJN/episodes/2025-09-20-17-42-51-000000,/__modal/volumes/vo-UZL6XRNnGfsFjlpmHH9EJN/segments/2025-09-20-17-42-51-000000/front_1/000088.mp4,/__modal/volumes/vo-UZL6XRNnGfsFjlpmHH9EJN/episodes/2025-09-20-17-42-51-000000,True,,fold_clothes__1,7.989914099790722,0.9801980198019802,0.3564356435643564,False,True,facility_location_gain_per_second
2025-09-20-17-42-51-000000,2025-09-20-17-42-51-000000:front_1:000089,fold_clothes,89.0,90.0,1.0,1.0,1.0,1.0,0.0,0,per_frame_inverse_head_to_world:obs_head_pose,/__modal/volumes/vo-UZL6XRNnGfsFjlpmHH9EJN/episodes/2025-09-20-17-42-51-000000,/__modal/volumes/vo-UZL6XRNnGfsFjlpmHH9EJN/segments/2025-09-20-17-42-51-000000/front_1/000089.mp4,/__modal/volumes/vo-UZL6XRNnGfsFjlpmHH9EJN/episodes/2025-09-20-17-42-51-000000,True,,fold_clothes__2,5.129306078469189,0.594059405940594,0.900990099009901,False,False,
2025-09-20-17-42-51-000000,2025-09-20-17-42-51-000000:front_1:000090,fold_clothes,90.0,91.0,1.0,1.0,1.0,1.0,0.0,0,per_frame_inverse_head_to_world:obs_head_pose,/__modal/volumes/vo-UZL6XRNnGfsFjlpmHH9EJN/episodes/2025-09-20-17-42-51-000000,/__modal/volumes/vo-UZL6XRNnGfsFjlpmHH9EJN/segments/2025-09-20-17-42-51-000000/front_1/000090.mp4,/__modal/volumes/vo-UZL6XRNnGfsFjlpmHH9EJN/episodes/2025-09-20-17-42-51-000000,True,,fold_clothes__3,6.1562864439866605,0.7821782178217822,0.8910891089108911,False,False,
2025-09-20-17-42-51-000000,2025-09-20-17-42-51-000000:front_1:000091,fold_clothes,91.0,92.0,1.0,1.0,1.0,1.0,0.0,0,per_frame_inverse_head_to_world:obs_head_pose,/__modal/volumes/vo-UZL6XRNnGfsFjlpmHH9EJN/episodes/2025-09-20-17-42-51-000000,/__modal/volumes/vo-UZL6XRNnGfsFjlpmHH9EJN/segments/2025-09-20-17-42-51-000000/front_1/000091.mp4,/__modal/volumes/vo-UZL6XRNnGfsFjlpmHH9EJN/episodes/2025-09-20-17-42-51-000000,True,,fold_clothes__0,4.3801252280642045,0.297029702970297,0.8514851485148515,False,False,
2025-09-20-17-42-51-000000,2025-09-20-17-42-51-000000:front_1:000092,fold_clothes,92.0,93.0,1.0,1.0,,,,,,,/__modal/volumes/vo-UZL6XRNnGfsFjlpmHH9EJN/segments/2025-09-20-17-42-51-000000/front_1/000092.mp4,/__modal/volumes/vo-UZL6XRNnGfsFjlpmHH9EJN/episodes/2025-09-20-17-42-51-000000,False,tracking_rejected:fewer than two pose frames overlap segment timestamps,,,,,,False,
2025-09-20-17-42-51-000000,2025-09-20-17-42-51-000000:front_1:000093,fold_clothes,93.0,93.6,0.6,1.0,,,,,,,/__modal/volumes/vo-UZL6XRNnGfsFjlpmHH9EJN/segments/2025-09-20-17-42-51-000000/front_1/000093.mp4,/__modal/volumes/vo-UZL6XRNnGfsFjlpmHH9EJN/episodes/2025-09-20-17-42-51-000000,False,tracking_rejected:fewer than two pose frames overlap segment timestamps,,,,,,False,
2025-09-20-17-47-54-000000,2025-09-20-17-47-54-000000:front_1:000000,fold_clothes,0.0,1.0,1.0,1.0,1.0,1.0,0.0,0,per_frame_inverse_head_to_world:obs_head_pose,/__modal/volumes/vo-UZL6XRNnGfsFjlpmHH9EJN/episodes/2025-09-20-17-47-54-000000,/__modal/volumes/vo-UZL6XRNnGfsFjlpmHH9EJN/segments/2025-09-20-17-47-54-000000/front_1/000000.mp4,/__modal/volumes/vo-UZL6XRNnGfsFjlpmHH9EJN/episodes/2025-09-20-17-47-54-000000,True,,fold_clothes__1,2.7316890733219763,0.039603960396039604,0.3564356435643564,False,False,
2025-09-20-17-47-54-000000,2025-09-20-17-47-54-000000:front_1:000001,fold_clothes,1.0,2.0,1.0,1.0,1.0,1.0,0.0,0,per_frame_inverse_head_to_world:obs_head_pose,/__modal/volumes/vo-UZL6XRNnGfsFjlpmHH9EJN/episodes/2025-09-20-17-47-54-000000,/__modal/volumes/vo-UZL6XRNnGfsFjlpmHH9EJN/segments/2025-09-20-17-47-54-000000/front_1/000001.mp4,/__modal/volumes/vo-UZL6XRNnGfsFjlpmHH9EJN/episodes/2025-09-20-17-47-54-000000,True,,fold_clothes__1,2.3696527546178006,0.009900990099009901,0.3564356435643564,False,True,preserve_populated_verb
2025-09-20-17-47-54-000000,2025-09-20-17-47-54-000000:front_1:000002,fold_clothes,2.0,3.0,1.0,1.0,1.0,1.0,0.0,0,per_frame_inverse_head_to_world:obs_head_pose,/__modal/volumes/vo-UZL6XRNnGfsFjlpmHH9EJN/episodes/2025-09-20-17-47-54-000000,/__modal/volumes/vo-UZL6XRNnGfsFjlpmHH9EJN/segments/2025-09-20-17-47-54-000000/front_1/000002.mp4,/__modal/volumes/vo-UZL6XRNnGfsFjlpmHH9EJN/episodes/2025-09-20-17-47-54-000000,True,,fold_clothes__1,2.3885259090931577,0.019801980198019802,0.3564356435643564,False,False,
2025-09-20-17-47-54-000000,2025-09-20-17-47-54-000000:front_1:000003,fold_clothes,3.0,4.0,1.0,1.0,1.0,1.0,0.0,0,per_frame_inverse_head_to_world:obs_head_pose,/__modal/volumes/vo-UZL6XRNnGfsFjlpmHH9EJN/episodes/2025-09-20-17-47-54-000000,/__modal/volumes/vo-UZL6XRNnGfsFjlpmHH9EJN/segments/2025-09-20-17-47-54-000000/front_1/000003.mp4,/__modal/volumes/vo-UZL6XRNnGfsFjlpmHH9EJN/episodes/2025-09-20-17-47-54-000000,True,,fold_clothes__1,3.7842971303805877,0.15841584158415842,0.3564356435643564,False,False,
2025-09-20-17-47-54-000000,2025-09-20-17-47-54-000000:front_1:000004,fold_clothes,4.0,5.0,1.0,1.0,1.0,1.0,0.0,0,per_frame_inverse_head_to_world:obs_head_pose,/__modal/volumes/vo-UZL6XRNnGfsFjlpmHH9EJN/episodes/2025-09-20-17-47-54-000000,/__modal/volumes/vo-UZL6XRNnGfsFjlpmHH9EJN/segments/2025-09-20-17-47-54-000000/front_1/000004.mp4,/__modal/volumes/vo-UZL6XRNnGfsFjlpmHH9EJN/episodes/2025-09-20-17-47-54-000000,True,,fold_clothes__2,3.324834865624223,0.0891089108910891,0.900990099009901,False,False,
2025-09-20-17-47-54-000000,2025-09-20-17-47-54-000000:front_1:000005,fold_clothes,5.0,6.0,1.0,1.0,1.0,1.0,0.0,0,per_frame_inverse_head_to_world:obs_head_pose,/__modal/volumes/vo-UZL6XRNnGfsFjlpmHH9EJN/episodes/2025-09-20-17-47-54-000000,/__modal/volumes/vo-UZL6XRNnGfsFjlpmHH9EJN/segments/2025-09-20-17-47-54-000000/front_1/000005.mp4,/__modal/volumes/vo-UZL6XRNnGfsFjlpmHH9EJN/episodes/2025-09-20-17-47-54-000000,True,,fold_clothes__1,4.154750140394299,0.2376237623762376,0.3564356435643564,False,False,
2025-09-20-17-47-54-000000,2025-09-20-17-47-54-000000:front_1:000006,fold_clothes,6.0,7.0,1.0,1.0,1.0,1.0,0.0,0,per_frame_inverse_head_to_world:obs_head_pose,/__modal/volumes/vo-UZL6XRNnGfsFjlpmHH9EJN/episodes/2025-09-20-17-47-54-000000,/__modal/volumes/vo-UZL6XRNnGfsFjlpmHH9EJN/segments/2025-09-20-17-47-54-000000/front_1/000006.mp4,/__modal/volumes/vo-UZL6XRNnGfsFjlpmHH9EJN/episodes/2025-09-20-17-47-54-000000,True,,fold_clothes__1,5.8153766339621145,0.6732673267326733,0.3564356435643564,False,True,facility_location_gain_per_second
2025-09-20-17-47-54-000000,2025-09-20-17-47-54-000000:front_1:000007,fold_clothes,7.0,8.0,1.0,1.0,1.0,1.0,0.0,0,per_frame_inverse_head_to_world:obs_head_pose,/__modal/volumes/vo-UZL6XRNnGfsFjlpmHH9EJN/episodes/2025-09-20-17-47-54-000000,/__modal/volumes/vo-UZL6XRNnGfsFjlpmHH9EJN/segments/2025-09-20-17-47-54-000000/front_1/000007.mp4,/__modal/volumes/vo-UZL6XRNnGfsFjlpmHH9EJN/episodes/2025-09-20-17-47-54-000000,True,,fold_clothes__0,6.211517797505065,0.8118811881188119,0.8514851485148515,False,True,facility_location_gain_per_second
2025-09-20-17-47-54-000000,2025-09-20-17-47-54-000000:front_1:000008,fold_clothes,8.0,9.0,1.0,1.0,1.0,1.0,0.0,0,per_frame_inverse_head_to_world:obs_head_pose,/__modal/volumes/vo-UZL6XRNnGfsFjlpmHH9EJN/episodes/2025-09-20-17-47-54-000000,/__modal/volumes/vo-UZL6XRNnGfsFjlpmHH9EJN/segments/2025-09-20-17-47-54-000000/front_1/000008.mp4,/__modal/volumes/vo-UZL6XRNnGfsFjlpmHH9EJN/episodes/2025-09-20-17-47-54-000000,True,,fold_clothes__1,5.077103550590035,0.5742574257425742,0.3564356435643564,False,False,
2025-09-20-17-47-54-000000,2025-09-20-17-47-54-000000:front_1:000009,fold_clothes,9.0,10.0,1.0,1.0,,,,,,,/__modal/volumes/vo-UZL6XRNnGfsFjlpmHH9EJN/segments/2025-09-20-17-47-54-000000/front_1/000009.mp4,/__modal/volumes/vo-UZL6XRNnGfsFjlpmHH9EJN/episodes/2025-09-20-17-47-54-000000,False,tracking_rejected:fewer than two pose frames overlap segment timestamps,,,,,,False,
2025-09-20-17-47-54-000000,2025-09-20-17-47-54-000000:front_1:000010,fold_clothes,10.0,11.0,1.0,1.0,,,,,,,/__modal/volumes/vo-UZL6XRNnGfsFjlpmHH9EJN/segments/2025-09-20-17-47-54-000000/front_1/000010.mp4,/__modal/volumes/vo-UZL6XRNnGfsFjlpmHH9EJN/episodes/2025-09-20-17-47-54-000000,False,tracking_rejected:fewer than two pose frames overlap segment timestamps,,,,,,False,
2025-09-20-17-47-54-000000,2025-09-20-17-47-54-000000:front_1:000011,fold_clothes,11.0,12.0,1.0,1.0,,,,,,,/__modal/volumes/vo-UZL6XRNnGfsFjlpmHH9EJN/segments/2025-09-20-17-47-54-000000/front_1/000011.mp4,/__modal/volumes/vo-UZL6XRNnGfsFjlpmHH9EJN/episodes/2025-09-20-17-47-54-000000,False,tracking_rejected:fewer than two pose frames overlap segment timestamps,,,,,,False,
2025-09-20-17-47-54-000000,2025-09-20-17-47-54-000000:front_1:000012,fold_clothes,12.0,13.0,1.0,1.0,,,,,,,/__modal/volumes/vo-UZL6XRNnGfsFjlpmHH9EJN/segments/2025-09-20-17-47-54-000000/front_1/000012.mp4,/__modal/volumes/vo-UZL6XRNnGfsFjlpmHH9EJN/episodes/2025-09-20-17-47-54-000000,False,tracking_rejected:fewer than two pose frames overlap segment timestamps,,,,,,False,
2025-09-20-17-47-54-000000,2025-09-20-17-47-54-000000:front_1:000013,fold_clothes,13.0,14.0,1.0,1.0,,,,,,,/__modal/volumes/vo-UZL6XRNnGfsFjlpmHH9EJN/segments/2025-09-20-17-47-54-000000/front_1/000013.mp4,/__modal/volumes/vo-UZL6XRNnGfsFjlpmHH9EJN/episodes/2025-09-20-17-47-54-000000,False,tracking_rejected:fewer than two pose frames overlap segment timestamps,,,,,,False,
2025-09-20-17-47-54-000000,2025-09-20-17-47-54-000000:front_1:000014,fold_clothes,14.0,15.0,1.0,1.0,,,,,,,/__modal/volumes/vo-UZL6XRNnGfsFjlpmHH9EJN/segments/2025-09-20-17-47-54-000000/front_1/000014.mp4,/__modal/volumes/vo-UZL6XRNnGfsFjlpmHH9EJN/episodes/2025-09-20-17-47-54-000000,False,tracking_rejected:fewer than two pose frames overlap segment timestamps,,,,,,False,
2025-09-20-17-47-54-000000,2025-09-20-17-47-54-000000:front_1:000015,fold_clothes,15.0,16.0,1.0,1.0,,,,,,,/__modal/volumes/vo-UZL6XRNnGfsFjlpmHH9EJN/segments/2025-09-20-17-47-54-000000/front_1/000015.mp4,/__modal/volumes/vo-UZL6XRNnGfsFjlpmHH9EJN/episodes/2025-09-20-17-47-54-000000,False,tracking_rejected:fewer than two pose frames overlap segment timestamps,,,,,,False,
2025-09-20-17-47-54-000000,2025-09-20-17-47-54-000000:front_1:000016,fold_clothes,16.0,17.0,1.0,1.0,,,,,,,/__modal/volumes/vo-UZL6XRNnGfsFjlpmHH9EJN/segments/2025-09-20-17-47-54-000000/front_1/000016.mp4,/__modal/volumes/vo-UZL6XRNnGfsFjlpmHH9EJN/episodes/2025-09-20-17-47-54-000000,False,tracking_rejected:fewer than two pose frames overlap segment timestamps,,,,,,False,
2025-09-20-17-47-54-000000,2025-09-20-17-47-54-000000:front_1:000017,fold_clothes,17.0,18.0,1.0,1.0,1.0,1.0,0.0,0,per_frame_inverse_head_to_world:obs_head_pose,/__modal/volumes/vo-UZL6XRNnGfsFjlpmHH9EJN/episodes/2025-09-20-17-47-54-000000,/__modal/volumes/vo-UZL6XRNnGfsFjlpmHH9EJN/segments/2025-09-20-17-47-54-000000/front_1/000017.mp4,/__modal/volumes/vo-UZL6XRNnGfsFjlpmHH9EJN/episodes/2025-09-20-17-47-54-000000,True,,fold_clothes__1,5.964695640354721,0.7128712871287128,0.3564356435643564,False,True,facility_location_gain_per_second
2025-09-20-17-47-54-000000,2025-09-20-17-47-54-000000:front_1:000018,fold_clothes,18.0,19.0,1.0,1.0,1.0,1.0,0.0,0,per_frame_inverse_head_to_world:obs_head_pose,/__modal/volumes/vo-UZL6XRNnGfsFjlpmHH9EJN/episodes/2025-09-20-17-47-54-000000,/__modal/volumes/vo-UZL6XRNnGfsFjlpmHH9EJN/segments/2025-09-20-17-47-54-000000/front_1/000018.mp4,/__modal/volumes/vo-UZL6XRNnGfsFjlpmHH9EJN/episodes/2025-09-20-17-47-54-000000,True,,fold_clothes__2,9.696614037500499,0.9900990099009901,0.900990099009901,False,True,facility_location_gain_per_second
2025-09-20-17-47-54-000000,2025-09-20-17-47-54-000000:front_1:000019,fold_clothes,19.0,20.0,1.0,1.0,,,,,,,/__modal/volumes/vo-UZL6XRNnGfsFjlpmHH9EJN/segments/2025-09-20-17-47-54-000000/front_1/000019.mp4,/__modal/volumes/vo-UZL6XRNnGfsFjlpmHH9EJN/episodes/2025-09-20-17-47-54-000000,False,tracking_rejected:fewer than two pose frames overlap segment timestamps,,,,,,False,
2025-09-20-17-47-54-000000,2025-09-20-17-47-54-000000:front_1:000020,fold_clothes,20.0,21.0,1.0,1.0,,,,,,,/__modal/volumes/vo-UZL6XRNnGfsFjlpmHH9EJN/segments/2025-09-20-17-47-54-000000/front_1/000020.mp4,/__modal/volumes/vo-UZL6XRNnGfsFjlpmHH9EJN/episodes/2025-09-20-17-47-54-000000,False,tracking_rejected:fewer than two pose frames overlap segment timestamps,,,,,,False,
2025-09-20-17-47-54-000000,2025-09-20-17-47-54-000000:front_1:000021,fold_clothes,21.0,22.0,1.0,1.0,,,,,,,/__modal/volumes/vo-UZL6XRNnGfsFjlpmHH9EJN/segments/2025-09-20-17-47-54-000000/front_1/000021.mp4,/__modal/volumes/vo-UZL6XRNnGfsFjlpmHH9EJN/episodes/2025-09-20-17-47-54-000000,False,tracking_rejected:fewer than two pose frames overlap segment timestamps,,,,,,False,
2025-09-20-17-47-54-000000,2025-09-20-17-47-54-000000:front_1:000022,fold_clothes,22.0,23.0,1.0,1.0,1.0,1.0,0.0,0,per_frame_inverse_head_to_world:obs_head_pose,/__modal/volumes/vo-UZL6XRNnGfsFjlpmHH9EJN/episodes/2025-09-20-17-47-54-000000,/__modal/volumes/vo-UZL6XRNnGfsFjlpmHH9EJN/segments/2025-09-20-17-47-54-000000/front_1/000022.mp4,/__modal/volumes/vo-UZL6XRNnGfsFjlpmHH9EJN/episodes/2025-09-20-17-47-54-000000,True,,fold_clothes__1,3.198269942528555,0.06930693069306931,0.3564356435643564,False,True,facility_location_gain_per_second
2025-09-20-17-47-54-000000,2025-09-20-17-47-54-000000:front_1:000023,fold_clothes,23.0,24.0,1.0,1.0,1.0,1.0,0.0,0,per_frame_inverse_head_to_world:obs_head_pose,/__modal/volumes/vo-UZL6XRNnGfsFjlpmHH9EJN/episodes/2025-09-20-17-47-54-000000,/__modal/volumes/vo-UZL6XRNnGfsFjlpmHH9EJN/segments/2025-09-20-17-47-54-000000/front_1/000023.mp4,/__modal/volumes/vo-UZL6XRNnGfsFjlpmHH9EJN/episodes/2025-09-20-17-47-54-000000,True,,fold_clothes__1,6.472513269506973,0.8415841584158416,0.3564356435643564,False,True,facility_location_gain_per_second
2025-09-20-17-47-54-000000,2025-09-20-17-47-54-000000:front_1:000024,fold_clothes,24.0,25.0,1.0,1.0,1.0,1.0,0.0,0,per_frame_inverse_head_to_world:obs_head_pose,/__modal/volumes/vo-UZL6XRNnGfsFjlpmHH9EJN/episodes/2025-09-20-17-47-54-000000,/__modal/volumes/vo-UZL6XRNnGfsFjlpmHH9EJN/segments/2025-09-20-17-47-54-000000/front_1/000024.mp4,/__modal/volumes/vo-UZL6XRNnGfsFjlpmHH9EJN/episodes/2025-09-20-17-47-54-000000,True,,fold_clothes__2,3.7810463070723457,0.1485148514851485,0.900990099009901,False,False,
2025-09-20-17-47-54-000000,2025-09-20-17-47-54-000000:front_1:000025,fold_clothes,25.0,26.0,1.0,1.0,1.0,1.0,0.0,0,per_frame_inverse_head_to_world:obs_head_pose,/__modal/volumes/vo-UZL6XRNnGfsFjlpmHH9EJN/episodes/2025-09-20-17-47-54-000000,/__modal/volumes/vo-UZL6XRNnGfsFjlpmHH9EJN/segments/2025-09-20-17-47-54-000000/front_1/000025.mp4,/__modal/volumes/vo-UZL6XRNnGfsFjlpmHH9EJN/episodes/2025-09-20-17-47-54-000000,True,,fold_clothes__1,3.7267005108961913,0.13861386138613863,0.3564356435643564,False,False,
2025-09-20-17-47-54-000000,2025-09-20-17-47-54-000000:front_1:000026,fold_clothes,26.0,27.0,1.0,1.0,1.0,1.0,0.0,0,per_frame_inverse_head_to_world:obs_head_pose,/__modal/volumes/vo-UZL6XRNnGfsFjlpmHH9EJN/episodes/2025-09-20-17-47-54-000000,/__modal/volumes/vo-UZL6XRNnGfsFjlpmHH9EJN/segments/2025-09-20-17-47-54-000000/front_1/000026.mp4,/__modal/volumes/vo-UZL6XRNnGfsFjlpmHH9EJN/episodes/2025-09-20-17-47-54-000000,True,,fold_clothes__1,5.5882200675993,0.6534653465346535,0.3564356435643564,False,False,
2025-09-20-17-47-54-000000,2025-09-20-17-47-54-000000:front_1:000027,fold_clothes,27.0,28.0,1.0,1.0,1.0,1.0,0.0,0,per_frame_inverse_head_to_world:obs_head_pose,/__modal/volumes/vo-UZL6XRNnGfsFjlpmHH9EJN/episodes/2025-09-20-17-47-54-000000,/__modal/volumes/vo-UZL6XRNnGfsFjlpmHH9EJN/segments/2025-09-20-17-47-54-000000/front_1/000027.mp4,/__modal/volumes/vo-UZL6XRNnGfsFjlpmHH9EJN/episodes/2025-09-20-17-47-54-000000,True,,fold_clothes__0,6.011200812265547,0.7326732673267327,0.8514851485148515,False,False,
2025-09-20-17-47-54-000000,2025-09-20-17-47-54-000000:front_1:000028,fold_clothes,28.0,29.0,1.0,1.0,1.0,1.0,0.0,0,per_frame_inverse_head_to_world:obs_head_pose,/__modal/volumes/vo-UZL6XRNnGfsFjlpmHH9EJN/episodes/2025-09-20-17-47-54-000000,/__modal/volumes/vo-UZL6XRNnGfsFjlpmHH9EJN/segments/2025-09-20-17-47-54-000000/front_1/000028.mp4,/__modal/volumes/vo-UZL6XRNnGfsFjlpmHH9EJN/episodes/2025-09-20-17-47-54-000000,True,,fold_clothes__1,4.808982241018707,0.49504950495049505,0.3564356435643564,False,True,facility_location_gain_per_second
2025-09-20-17-47-54-000000,2025-09-20-17-47-54-000000:front_1:000029,fold_clothes,29.0,30.0,1.0,1.0,,,,,,,/__modal/volumes/vo-UZL6XRNnGfsFjlpmHH9EJN/segments/2025-09-20-17-47-54-000000/front_1/000029.mp4,/__modal/volumes/vo-UZL6XRNnGfsFjlpmHH9EJN/episodes/2025-09-20-17-47-54-000000,False,tracking_rejected:fewer than two pose frames overlap segment timestamps,,,,,,False,
2025-09-20-17-47-54-000000,2025-09-20-17-47-54-000000:front_1:000030,fold_clothes,30.0,31.0,1.0,1.0,,,,,,,/__modal/volumes/vo-UZL6XRNnGfsFjlpmHH9EJN/segments/2025-09-20-17-47-54-000000/front_1/000030.mp4,/__modal/volumes/vo-UZL6XRNnGfsFjlpmHH9EJN/episodes/2025-09-20-17-47-54-000000,False,tracking_rejected:fewer than two pose frames overlap segment timestamps,,,,,,False,
2025-09-20-17-47-54-000000,2025-09-20-17-47-54-000000:front_1:000031,fold_clothes,31.0,32.0,1.0,1.0,,,,,,,/__modal/volumes/vo-UZL6XRNnGfsFjlpmHH9EJN/segments/2025-09-20-17-47-54-000000/front_1/000031.mp4,/__modal/volumes/vo-UZL6XRNnGfsFjlpmHH9EJN/episodes/2025-09-20-17-47-54-000000,False,tracking_rejected:fewer than two pose frames overlap segment timestamps,,,,,,False,
2025-09-20-17-47-54-000000,2025-09-20-17-47-54-000000:front_1:000032,fold_clothes,32.0,33.0,1.0,1.0,,,,,,,/__modal/volumes/vo-UZL6XRNnGfsFjlpmHH9EJN/segments/2025-09-20-17-47-54-000000/front_1/000032.mp4,/__modal/volumes/vo-UZL6XRNnGfsFjlpmHH9EJN/episodes/2025-09-20-17-47-54-000000,False,tracking_rejected:fewer than two pose frames overlap segment timestamps,,,,,,False,
2025-09-20-17-47-54-000000,2025-09-20-17-47-54-000000:front_1:000033,fold_clothes,33.0,34.0,1.0,1.0,,,,,,,/__modal/volumes/vo-UZL6XRNnGfsFjlpmHH9EJN/segments/2025-09-20-17-47-54-000000/front_1/000033.mp4,/__modal/volumes/vo-UZL6XRNnGfsFjlpmHH9EJN/episodes/2025-09-20-17-47-54-000000,False,tracking_rejected:fewer than two pose frames overlap segment timestamps,,,,,,False,
2025-09-20-17-47-54-000000,2025-09-20-17-47-54-000000:front_1:000034,fold_clothes,34.0,35.0,1.0,1.0,,,,,,,/__modal/volumes/vo-UZL6XRNnGfsFjlpmHH9EJN/segments/2025-09-20-17-47-54-000000/front_1/000034.mp4,/__modal/volumes/vo-UZL6XRNnGfsFjlpmHH9EJN/episodes/2025-09-20-17-47-54-000000,False,tracking_rejected:fewer than two pose frames overlap segment timestamps,,,,,,False,
2025-09-20-17-47-54-000000,2025-09-20-17-47-54-000000:front_1:000035,fold_clothes,35.0,36.0,1.0,1.0,,,,,,,/__modal/volumes/vo-UZL6XRNnGfsFjlpmHH9EJN/segments/2025-09-20-17-47-54-000000/front_1/000035.mp4,/__modal/volumes/vo-UZL6XRNnGfsFjlpmHH9EJN/episodes/2025-09-20-17-47-54-000000,False,tracking_rejected:fewer than two pose frames overlap segment timestamps,,,,,,False,
2025-09-20-17-47-54-000000,2025-09-20-17-47-54-000000:front_1:000036,fold_clothes,36.0,37.0,1.0,1.0,,,,,,,/__modal/volumes/vo-UZL6XRNnGfsFjlpmHH9EJN/segments/2025-09-20-17-47-54-000000/front_1/000036.mp4,/__modal/volumes/vo-UZL6XRNnGfsFjlpmHH9EJN/episodes/2025-09-20-17-47-54-000000,False,tracking_rejected:fewer than two pose frames overlap segment timestamps,,,,,,False,
2025-09-20-17-47-54-000000,2025-09-20-17-47-54-000000:front_1:000037,fold_clothes,37.0,38.0,1.0,1.0,,,,,,,/__modal/volumes/vo-UZL6XRNnGfsFjlpmHH9EJN/segments/2025-09-20-17-47-54-000000/front_1/000037.mp4,/__modal/volumes/vo-UZL6XRNnGfsFjlpmHH9EJN/episodes/2025-09-20-17-47-54-000000,False,tracking_rejected:fewer than two pose frames overlap segment timestamps,,,,,,False,
2025-09-20-17-47-54-000000,2025-09-20-17-47-54-000000:front_1:000038,fold_clothes,38.0,39.0,1.0,1.0,1.0,1.0,0.0,0,per_frame_inverse_head_to_world:obs_head_pose,/__modal/volumes/vo-UZL6XRNnGfsFjlpmHH9EJN/episodes/2025-09-20-17-47-54-000000,/__modal/volumes/vo-UZL6XRNnGfsFjlpmHH9EJN/segments/2025-09-20-17-47-54-000000/front_1/000038.mp4,/__modal/volumes/vo-UZL6XRNnGfsFjlpmHH9EJN/episodes/2025-09-20-17-47-54-000000,True,,fold_clothes__1,3.0767642116386034,0.0594059405940594,0.3564356435643564,False,False,
2025-09-20-17-47-54-000000,2025-09-20-17-47-54-000000:front_1:000039,fold_clothes,39.0,40.0,1.0,1.0,1.0,1.0,0.0,0,per_frame_inverse_head_to_world:obs_head_pose,/__modal/volumes/vo-UZL6XRNnGfsFjlpmHH9EJN/episodes/2025-09-20-17-47-54-000000,/__modal/volumes/vo-UZL6XRNnGfsFjlpmHH9EJN/segments/2025-09-20-17-47-54-000000/front_1/000039.mp4,/__modal/volumes/vo-UZL6XRNnGfsFjlpmHH9EJN/episodes/2025-09-20-17-47-54-000000,True,,fold_clothes__1,4.388517959004105,0.31683168316831684,0.3564356435643564,False,False,
2025-09-20-17-47-54-000000,2025-09-20-17-47-54-000000:front_1:000040,fold_clothes,40.0,41.0,1.0,1.0,1.0,1.0,0.0,0,per_frame_inverse_head_to_world:obs_head_pose,/__modal/volumes/vo-UZL6XRNnGfsFjlpmHH9EJN/episodes/2025-09-20-17-47-54-000000,/__modal/volumes/vo-UZL6XRNnGfsFjlpmHH9EJN/segments/2025-09-20-17-47-54-000000/front_1/000040.mp4,/__modal/volumes/vo-UZL6XRNnGfsFjlpmHH9EJN/episodes/2025-09-20-17-47-54-000000,True,,fold_clothes__2,3.341153061786975,0.09900990099009901,0.900990099009901,False,True,facility_location_gain_per_second
2025-09-20-17-47-54-000000,2025-09-20-17-47-54-000000:front_1:000041,fold_clothes,41.0,42.0,1.0,1.0,1.0,1.0,0.0,0,per_frame_inverse_head_to_world:obs_head_pose,/__modal/volumes/vo-UZL6XRNnGfsFjlpmHH9EJN/episodes/2025-09-20-17-47-54-000000,/__modal/volumes/vo-UZL6XRNnGfsFjlpmHH9EJN/segments/2025-09-20-17-47-54-000000/front_1/000041.mp4,/__modal/volumes/vo-UZL6XRNnGfsFjlpmHH9EJN/episodes/2025-09-20-17-47-54-000000,True,,fold_clothes__1,3.419740332576468,0.10891089108910891,0.3564356435643564,False,True,facility_location_gain_per_second
2025-09-20-17-47-54-000000,2025-09-20-17-47-54-000000:front_1:000042,fold_clothes,42.0,43.0,1.0,1.0,1.0,1.0,0.0,0,per_frame_inverse_head_to_world:obs_head_pose,/__modal/volumes/vo-UZL6XRNnGfsFjlpmHH9EJN/episodes/2025-09-20-17-47-54-000000,/__modal/volumes/vo-UZL6XRNnGfsFjlpmHH9EJN/segments/2025-09-20-17-47-54-000000/front_1/000042.mp4,/__modal/volumes/vo-UZL6XRNnGfsFjlpmHH9EJN/episodes/2025-09-20-17-47-54-000000,True,,fold_clothes__3,5.850929540169326,0.6831683168316832,0.8910891089108911,False,True,facility_location_gain_per_second
2025-09-20-17-47-54-000000,2025-09-20-17-47-54-000000:front_1:000043,fold_clothes,43.0,44.0,1.0,1.0,1.0,1.0,0.0,0,per_frame_inverse_head_to_world:obs_head_pose,/__modal/volumes/vo-UZL6XRNnGfsFjlpmHH9EJN/episodes/2025-09-20-17-47-54-000000,/__modal/volumes/vo-UZL6XRNnGfsFjlpmHH9EJN/segments/2025-09-20-17-47-54-000000/front_1/000043.mp4,/__modal/volumes/vo-UZL6XRNnGfsFjlpmHH9EJN/episodes/2025-09-20-17-47-54-000000,True,,fold_clothes__0,6.18485073322688,0.7920792079207921,0.8514851485148515,False,False,
2025-09-20-17-47-54-000000,2025-09-20-17-47-54-000000:front_1:000044,fold_clothes,44.0,45.0,1.0,1.0,1.0,1.0,0.0,0,per_frame_inverse_head_to_world:obs_head_pose,/__modal/volumes/vo-UZL6XRNnGfsFjlpmHH9EJN/episodes/2025-09-20-17-47-54-000000,/__modal/volumes/vo-UZL6XRNnGfsFjlpmHH9EJN/segments/2025-09-20-17-47-54-000000/front_1/000044.mp4,/__modal/volumes/vo-UZL6XRNnGfsFjlpmHH9EJN/episodes/2025-09-20-17-47-54-000000,True,,fold_clothes__1,4.799528168112831,0.48514851485148514,0.3564356435643564,False,False,
2025-09-20-17-47-54-000000,2025-09-20-17-47-54-000000:front_1:000045,fold_clothes,45.0,46.0,1.0,1.0,,,,,,,/__modal/volumes/vo-UZL6XRNnGfsFjlpmHH9EJN/segments/2025-09-20-17-47-54-000000/front_1/000045.mp4,/__modal/volumes/vo-UZL6XRNnGfsFjlpmHH9EJN/episodes/2025-09-20-17-47-54-000000,False,tracking_rejected:fewer than two pose frames overlap segment timestamps,,,,,,False,
2025-09-20-17-47-54-000000,2025-09-20-17-47-54-000000:front_1:000046,fold_clothes,46.0,47.0,1.0,1.0,,,,,,,/__modal/volumes/vo-UZL6XRNnGfsFjlpmHH9EJN/segments/2025-09-20-17-47-54-000000/front_1/000046.mp4,/__modal/volumes/vo-UZL6XRNnGfsFjlpmHH9EJN/episodes/2025-09-20-17-47-54-000000,False,tracking_rejected:fewer than two pose frames overlap segment timestamps,,,,,,False,
2025-09-20-17-47-54-000000,2025-09-20-17-47-54-000000:front_1:000047,fold_clothes,47.0,48.0,1.0,1.0,,,,,,,/__modal/volumes/vo-UZL6XRNnGfsFjlpmHH9EJN/segments/2025-09-20-17-47-54-000000/front_1/000047.mp4,/__modal/volumes/vo-UZL6XRNnGfsFjlpmHH9EJN/episodes/2025-09-20-17-47-54-000000,False,tracking_rejected:fewer than two pose frames overlap segment timestamps,,,,,,False,
2025-09-20-17-47-54-000000,2025-09-20-17-47-54-000000:front_1:000048,fold_clothes,48.0,49.0,1.0,1.0,,,,,,,/__modal/volumes/vo-UZL6XRNnGfsFjlpmHH9EJN/segments/2025-09-20-17-47-54-000000/front_1/000048.mp4,/__modal/volumes/vo-UZL6XRNnGfsFjlpmHH9EJN/episodes/2025-09-20-17-47-54-000000,False,tracking_rejected:fewer than two pose frames overlap segment timestamps,,,,,,False,
2025-09-20-17-47-54-000000,2025-09-20-17-47-54-000000:front_1:000049,fold_clothes,49.0,50.0,1.0,1.0,,,,,,,/__modal/volumes/vo-UZL6XRNnGfsFjlpmHH9EJN/segments/2025-09-20-17-47-54-000000/front_1/000049.mp4,/__modal/volumes/vo-UZL6XRNnGfsFjlpmHH9EJN/episodes/2025-09-20-17-47-54-000000,False,tracking_rejected:fewer than two pose frames overlap segment timestamps,,,,,,False,
2025-09-20-17-47-54-000000,2025-09-20-17-47-54-000000:front_1:000050,fold_clothes,50.0,51.0,1.0,1.0,,,,,,,/__modal/volumes/vo-UZL6XRNnGfsFjlpmHH9EJN/segments/2025-09-20-17-47-54-000000/front_1/000050.mp4,/__modal/volumes/vo-UZL6XRNnGfsFjlpmHH9EJN/episodes/2025-09-20-17-47-54-000000,False,tracking_rejected:fewer than two pose frames overlap segment timestamps,,,,,,False,
2025-09-20-17-47-54-000000,2025-09-20-17-47-54-000000:front_1:000051,fold_clothes,51.0,52.0,1.0,1.0,,,,,,,/__modal/volumes/vo-UZL6XRNnGfsFjlpmHH9EJN/segments/2025-09-20-17-47-54-000000/front_1/000051.mp4,/__modal/volumes/vo-UZL6XRNnGfsFjlpmHH9EJN/episodes/2025-09-20-17-47-54-000000,False,tracking_rejected:fewer than two pose frames overlap segment timestamps,,,,,,False,
2025-09-20-17-47-54-000000,2025-09-20-17-47-54-000000:front_1:000052,fold_clothes,52.0,53.0,1.0,1.0,,,,,,,/__modal/volumes/vo-UZL6XRNnGfsFjlpmHH9EJN/segments/2025-09-20-17-47-54-000000/front_1/000052.mp4,/__modal/volumes/vo-UZL6XRNnGfsFjlpmHH9EJN/episodes/2025-09-20-17-47-54-000000,False,tracking_rejected:fewer than two pose frames overlap segment timestamps,,,,,,False,
2025-09-20-17-47-54-000000,2025-09-20-17-47-54-000000:front_1:000053,fold_clothes,53.0,54.0,1.0,1.0,,,,,,,/__modal/volumes/vo-UZL6XRNnGfsFjlpmHH9EJN/segments/2025-09-20-17-47-54-000000/front_1/000053.mp4,/__modal/volumes/vo-UZL6XRNnGfsFjlpmHH9EJN/episodes/2025-09-20-17-47-54-000000,False,tracking_rejected:fewer than two pose frames overlap segment timestamps,,,,,,False,
2025-09-20-17-47-54-000000,2025-09-20-17-47-54-000000:front_1:000054,fold_clothes,54.0,55.0,1.0,1.0,1.0,1.0,0.0,0,per_frame_inverse_head_to_world:obs_head_pose,/__modal/volumes/vo-UZL6XRNnGfsFjlpmHH9EJN/episodes/2025-09-20-17-47-54-000000,/__modal/volumes/vo-UZL6XRNnGfsFjlpmHH9EJN/segments/2025-09-20-17-47-54-000000/front_1/000054.mp4,/__modal/volumes/vo-UZL6XRNnGfsFjlpmHH9EJN/episodes/2025-09-20-17-47-54-000000,True,,fold_clothes__1,4.749871089658265,0.46534653465346537,0.3564356435643564,False,False,
2025-09-20-17-47-54-000000,2025-09-20-17-47-54-000000:front_1:000055,fold_clothes,55.0,56.0,1.0,1.0,1.0,1.0,0.0,0,per_frame_inverse_head_to_world:obs_head_pose,/__modal/volumes/vo-UZL6XRNnGfsFjlpmHH9EJN/episodes/2025-09-20-17-47-54-000000,/__modal/volumes/vo-UZL6XRNnGfsFjlpmHH9EJN/segments/2025-09-20-17-47-54-000000/front_1/000055.mp4,/__modal/volumes/vo-UZL6XRNnGfsFjlpmHH9EJN/episodes/2025-09-20-17-47-54-000000,True,,fold_clothes__1,3.614672254306946,0.12871287128712872,0.3564356435643564,False,True,facility_location_gain_per_second
2025-09-20-17-47-54-000000,2025-09-20-17-47-54-000000:front_1:000056,fold_clothes,56.0,57.0,1.0,1.0,1.0,1.0,0.0,0,per_frame_inverse_head_to_world:obs_head_pose,/__modal/volumes/vo-UZL6XRNnGfsFjlpmHH9EJN/episodes/2025-09-20-17-47-54-000000,/__modal/volumes/vo-UZL6XRNnGfsFjlpmHH9EJN/segments/2025-09-20-17-47-54-000000/front_1/000056.mp4,/__modal/volumes/vo-UZL6XRNnGfsFjlpmHH9EJN/episodes/2025-09-20-17-47-54-000000,True,,fold_clothes__1,4.617436197942714,0.39603960396039606,0.3564356435643564,False,False,
2025-09-20-17-47-54-000000,2025-09-20-17-47-54-000000:front_1:000057,fold_clothes,57.0,58.0,1.0,1.0,1.0,1.0,0.0,0,per_frame_inverse_head_to_world:obs_head_pose,/__modal/volumes/vo-UZL6XRNnGfsFjlpmHH9EJN/episodes/2025-09-20-17-47-54-000000,/__modal/volumes/vo-UZL6XRNnGfsFjlpmHH9EJN/segments/2025-09-20-17-47-54-000000/front_1/000057.mp4,/__modal/volumes/vo-UZL6XRNnGfsFjlpmHH9EJN/episodes/2025-09-20-17-47-54-000000,True,,fold_clothes__1,6.05604269720506,0.7425742574257426,0.3564356435643564,False,False,
2025-09-20-17-47-54-000000,2025-09-20-17-47-54-000000:front_1:000058,fold_clothes,58.0,59.0,1.0,1.0,1.0,1.0,0.0,0,per_frame_inverse_head_to_world:obs_head_pose,/__modal/volumes/vo-UZL6XRNnGfsFjlpmHH9EJN/episodes/2025-09-20-17-47-54-000000,/__modal/volumes/vo-UZL6XRNnGfsFjlpmHH9EJN/segments/2025-09-20-17-47-54-000000/front_1/000058.mp4,/__modal/volumes/vo-UZL6XRNnGfsFjlpmHH9EJN/episodes/2025-09-20-17-47-54-000000,True,,fold_clothes__1,7.789472060485922,0.9702970297029703,0.3564356435643564,False,True,facility_location_gain_per_second
2025-09-20-17-47-54-000000,2025-09-20-17-47-54-000000:front_1:000059,fold_clothes,59.0,60.0,1.0,1.0,1.0,1.0,0.0,0,per_frame_inverse_head_to_world:obs_head_pose,/__modal/volumes/vo-UZL6XRNnGfsFjlpmHH9EJN/episodes/2025-09-20-17-47-54-000000,/__modal/volumes/vo-UZL6XRNnGfsFjlpmHH9EJN/segments/2025-09-20-17-47-54-000000/front_1/000059.mp4,/__modal/volumes/vo-UZL6XRNnGfsFjlpmHH9EJN/episodes/2025-09-20-17-47-54-000000,True,,fold_clothes__1,5.616654955017868,0.6633663366336634,0.3564356435643564,False,False,
2025-09-20-17-47-54-000000,2025-09-20-17-47-54-000000:front_1:000060,fold_clothes,60.0,61.0,1.0,1.0,,,,,,,/__modal/volumes/vo-UZL6XRNnGfsFjlpmHH9EJN/segments/2025-09-20-17-47-54-000000/front_1/000060.mp4,/__modal/volumes/vo-UZL6XRNnGfsFjlpmHH9EJN/episodes/2025-09-20-17-47-54-000000,False,tracking_rejected:fewer than two pose frames overlap segment timestamps,,,,,,False,
2025-09-20-17-47-54-000000,2025-09-20-17-47-54-000000:front_1:000061,fold_clothes,61.0,62.0,1.0,1.0,,,,,,,/__modal/volumes/vo-UZL6XRNnGfsFjlpmHH9EJN/segments/2025-09-20-17-47-54-000000/front_1/000061.mp4,/__modal/volumes/vo-UZL6XRNnGfsFjlpmHH9EJN/episodes/2025-09-20-17-47-54-000000,False,tracking_rejected:fewer than two pose frames overlap segment timestamps,,,,,,False,
2025-09-20-17-47-54-000000,2025-09-20-17-47-54-000000:front_1:000062,fold_clothes,62.0,63.0,1.0,1.0,,,,,,,/__modal/volumes/vo-UZL6XRNnGfsFjlpmHH9EJN/segments/2025-09-20-17-47-54-000000/front_1/000062.mp4,/__modal/volumes/vo-UZL6XRNnGfsFjlpmHH9EJN/episodes/2025-09-20-17-47-54-000000,False,tracking_rejected:fewer than two pose frames overlap segment timestamps,,,,,,False,
2025-09-20-17-47-54-000000,2025-09-20-17-47-54-000000:front_1:000063,fold_clothes,63.0,64.0,1.0,1.0,,,,,,,/__modal/volumes/vo-UZL6XRNnGfsFjlpmHH9EJN/segments/2025-09-20-17-47-54-000000/front_1/000063.mp4,/__modal/volumes/vo-UZL6XRNnGfsFjlpmHH9EJN/episodes/2025-09-20-17-47-54-000000,False,tracking_rejected:fewer than two pose frames overlap segment timestamps,,,,,,False,
2025-09-20-17-47-54-000000,2025-09-20-17-47-54-000000:front_1:000064,fold_clothes,64.0,65.0,1.0,1.0,1.0,1.0,0.0,0,per_frame_inverse_head_to_world:obs_head_pose,/__modal/volumes/vo-UZL6XRNnGfsFjlpmHH9EJN/episodes/2025-09-20-17-47-54-000000,/__modal/volumes/vo-UZL6XRNnGfsFjlpmHH9EJN/segments/2025-09-20-17-47-54-000000/front_1/000064.mp4,/__modal/volumes/vo-UZL6XRNnGfsFjlpmHH9EJN/episodes/2025-09-20-17-47-54-000000,True,,fold_clothes__1,5.10868781916061,0.5841584158415841,0.3564356435643564,False,False,
2025-09-20-17-47-54-000000,2025-09-20-17-47-54-000000:front_1:000065,fold_clothes,65.0,66.0,1.0,1.0,,,,,,,/__modal/volumes/vo-UZL6XRNnGfsFjlpmHH9EJN/segments/2025-09-20-17-47-54-000000/front_1/000065.mp4,/__modal/volumes/vo-UZL6XRNnGfsFjlpmHH9EJN/episodes/2025-09-20-17-47-54-000000,False,tracking_rejected:fewer than two pose frames overlap segment timestamps,,,,,,False,
2025-09-20-17-47-54-000000,2025-09-20-17-47-54-000000:front_1:000066,fold_clothes,66.0,67.0,1.0,1.0,1.0,1.0,0.0,0,per_frame_inverse_head_to_world:obs_head_pose,/__modal/volumes/vo-UZL6XRNnGfsFjlpmHH9EJN/episodes/2025-09-20-17-47-54-000000,/__modal/volumes/vo-UZL6XRNnGfsFjlpmHH9EJN/segments/2025-09-20-17-47-54-000000/front_1/000066.mp4,/__modal/volumes/vo-UZL6XRNnGfsFjlpmHH9EJN/episodes/2025-09-20-17-47-54-000000,True,,fold_clothes__1,4.1439730374298644,0.21782178217821782,0.3564356435643564,False,False,
2025-09-20-17-47-54-000000,2025-09-20-17-47-54-000000:front_1:000067,fold_clothes,67.0,68.0,1.0,1.0,,,,,,,/__modal/volumes/vo-UZL6XRNnGfsFjlpmHH9EJN/segments/2025-09-20-17-47-54-000000/front_1/000067.mp4,/__modal/volumes/vo-UZL6XRNnGfsFjlpmHH9EJN/episodes/2025-09-20-17-47-54-000000,False,tracking_rejected:fewer than two pose frames overlap segment timestamps,,,,,,False,
2025-09-20-17-47-54-000000,2025-09-20-17-47-54-000000:front_1:000068,fold_clothes,68.0,69.0,1.0,1.0,1.0,1.0,0.0,0,per_frame_inverse_head_to_world:obs_head_pose,/__modal/volumes/vo-UZL6XRNnGfsFjlpmHH9EJN/episodes/2025-09-20-17-47-54-000000,/__modal/volumes/vo-UZL6XRNnGfsFjlpmHH9EJN/segments/2025-09-20-17-47-54-000000/front_1/000068.mp4,/__modal/volumes/vo-UZL6XRNnGfsFjlpmHH9EJN/episodes/2025-09-20-17-47-54-000000,True,,fold_clothes__1,3.9721532339817798,0.18811881188118812,0.3564356435643564,False,False,
2025-09-20-17-47-54-000000,2025-09-20-17-47-54-000000:front_1:000069,fold_clothes,69.0,70.0,1.0,1.0,1.0,1.0,0.0,0,per_frame_inverse_head_to_world:obs_head_pose,/__modal/volumes/vo-UZL6XRNnGfsFjlpmHH9EJN/episodes/2025-09-20-17-47-54-000000,/__modal/volumes/vo-UZL6XRNnGfsFjlpmHH9EJN/segments/2025-09-20-17-47-54-000000/front_1/000069.mp4,/__modal/volumes/vo-UZL6XRNnGfsFjlpmHH9EJN/episodes/2025-09-20-17-47-54-000000,True,,fold_clothes__1,4.29066206026021,0.25742574257425743,0.3564356435643564,False,False,
2025-09-20-17-47-54-000000,2025-09-20-17-47-54-000000:front_1:000070,fold_clothes,70.0,71.0,1.0,1.0,1.0,1.0,0.0,0,per_frame_inverse_head_to_world:obs_head_pose,/__modal/volumes/vo-UZL6XRNnGfsFjlpmHH9EJN/episodes/2025-09-20-17-47-54-000000,/__modal/volumes/vo-UZL6XRNnGfsFjlpmHH9EJN/segments/2025-09-20-17-47-54-000000/front_1/000070.mp4,/__modal/volumes/vo-UZL6XRNnGfsFjlpmHH9EJN/episodes/2025-09-20-17-47-54-000000,True,,fold_clothes__1,4.413359390012902,0.33663366336633666,0.3564356435643564,False,True,facility_location_gain_per_second
2025-09-20-17-47-54-000000,2025-09-20-17-47-54-000000:front_1:000071,fold_clothes,71.0,72.0,1.0,1.0,1.0,1.0,0.0,0,per_frame_inverse_head_to_world:obs_head_pose,/__modal/volumes/vo-UZL6XRNnGfsFjlpmHH9EJN/episodes/2025-09-20-17-47-54-000000,/__modal/volumes/vo-UZL6XRNnGfsFjlpmHH9EJN/segments/2025-09-20-17-47-54-000000/front_1/000071.mp4,/__modal/volumes/vo-UZL6XRNnGfsFjlpmHH9EJN/episodes/2025-09-20-17-47-54-000000,True,,fold_clothes__1,4.060358805730686,0.19801980198019803,0.3564356435643564,False,False,
2025-09-20-17-47-54-000000,2025-09-20-17-47-54-000000:front_1:000072,fold_clothes,72.0,73.0,1.0,1.0,1.0,1.0,0.0,0,per_frame_inverse_head_to_world:obs_head_pose,/__modal/volumes/vo-UZL6XRNnGfsFjlpmHH9EJN/episodes/2025-09-20-17-47-54-000000,/__modal/volumes/vo-UZL6XRNnGfsFjlpmHH9EJN/segments/2025-09-20-17-47-54-000000/front_1/000072.mp4,/__modal/volumes/vo-UZL6XRNnGfsFjlpmHH9EJN/episodes/2025-09-20-17-47-54-000000,True,,fold_clothes__3,6.127127874671067,0.7623762376237624,0.8910891089108911,False,False,
2025-09-20-17-47-54-000000,2025-09-20-17-47-54-000000:front_1:000073,fold_clothes,73.0,74.0,1.0,1.0,1.0,1.0,0.0,0,per_frame_inverse_head_to_world:obs_head_pose,/__modal/volumes/vo-UZL6XRNnGfsFjlpmHH9EJN/episodes/2025-09-20-17-47-54-000000,/__modal/volumes/vo-UZL6XRNnGfsFjlpmHH9EJN/segments/2025-09-20-17-47-54-000000/front_1/000073.mp4,/__modal/volumes/vo-UZL6XRNnGfsFjlpmHH9EJN/episodes/2025-09-20-17-47-54-000000,True,,fold_clothes__1,6.5522056710825,0.8613861386138614,0.3564356435643564,False,True,facility_location_gain_per_second
2025-09-20-17-47-54-000000,2025-09-20-17-47-54-000000:front_1:000074,fold_clothes,74.0,75.0,1.0,1.0,,,,,,,/__modal/volumes/vo-UZL6XRNnGfsFjlpmHH9EJN/segments/2025-09-20-17-47-54-000000/front_1/000074.mp4,/__modal/volumes/vo-UZL6XRNnGfsFjlpmHH9EJN/episodes/2025-09-20-17-47-54-000000,False,tracking_rejected:fewer than two pose frames overlap segment timestamps,,,,,,False,
2025-09-20-17-47-54-000000,2025-09-20-17-47-54-000000:front_1:000075,fold_clothes,75.0,76.0,1.0,1.0,,,,,,,/__modal/volumes/vo-UZL6XRNnGfsFjlpmHH9EJN/segments/2025-09-20-17-47-54-000000/front_1/000075.mp4,/__modal/volumes/vo-UZL6XRNnGfsFjlpmHH9EJN/episodes/2025-09-20-17-47-54-000000,False,tracking_rejected:fewer than two pose frames overlap segment timestamps,,,,,,False,
2025-09-20-17-47-54-000000,2025-09-20-17-47-54-000000:front_1:000076,fold_clothes,76.0,77.0,1.0,1.0,,,,,,,/__modal/volumes/vo-UZL6XRNnGfsFjlpmHH9EJN/segments/2025-09-20-17-47-54-000000/front_1/000076.mp4,/__modal/volumes/vo-UZL6XRNnGfsFjlpmHH9EJN/episodes/2025-09-20-17-47-54-000000,False,tracking_rejected:fewer than two pose frames overlap segment timestamps,,,,,,False,
2025-09-20-17-47-54-000000,2025-09-20-17-47-54-000000:front_1:000077,fold_clothes,77.0,78.0,1.0,1.0,,,,,,,/__modal/volumes/vo-UZL6XRNnGfsFjlpmHH9EJN/segments/2025-09-20-17-47-54-000000/front_1/000077.mp4,/__modal/volumes/vo-UZL6XRNnGfsFjlpmHH9EJN/episodes/2025-09-20-17-47-54-000000,False,tracking_rejected:fewer than two pose frames overlap segment timestamps,,,,,,False,
2025-09-20-17-47-54-000000,2025-09-20-17-47-54-000000:front_1:000078,fold_clothes,78.0,79.0,1.0,1.0,,,,,,,/__modal/volumes/vo-UZL6XRNnGfsFjlpmHH9EJN/segments/2025-09-20-17-47-54-000000/front_1/000078.mp4,/__modal/volumes/vo-UZL6XRNnGfsFjlpmHH9EJN/episodes/2025-09-20-17-47-54-000000,False,tracking_rejected:fewer than two pose frames overlap segment timestamps,,,,,,False,
2025-09-20-17-47-54-000000,2025-09-20-17-47-54-000000:front_1:000079,fold_clothes,79.0,80.0,1.0,1.0,,,,,,,/__modal/volumes/vo-UZL6XRNnGfsFjlpmHH9EJN/segments/2025-09-20-17-47-54-000000/front_1/000079.mp4,/__modal/volumes/vo-UZL6XRNnGfsFjlpmHH9EJN/episodes/2025-09-20-17-47-54-000000,False,tracking_rejected:fewer than two pose frames overlap segment timestamps,,,,,,False,
2025-09-20-17-47-54-000000,2025-09-20-17-47-54-000000:front_1:000080,fold_clothes,80.0,81.0,1.0,1.0,1.0,1.0,0.0,0,per_frame_inverse_head_to_world:obs_head_pose,/__modal/volumes/vo-UZL6XRNnGfsFjlpmHH9EJN/episodes/2025-09-20-17-47-54-000000,/__modal/volumes/vo-UZL6XRNnGfsFjlpmHH9EJN/segments/2025-09-20-17-47-54-000000/front_1/000080.mp4,/__modal/volumes/vo-UZL6XRNnGfsFjlpmHH9EJN/episodes/2025-09-20-17-47-54-000000,True,,fold_clothes__1,4.620523329738717,0.40594059405940597,0.3564356435643564,False,False,
2025-09-20-17-47-54-000000,2025-09-20-17-47-54-000000:front_1:000081,fold_clothes,81.0,82.0,1.0,1.0,1.0,1.0,0.0,0,per_frame_inverse_head_to_world:obs_head_pose,/__modal/volumes/vo-UZL6XRNnGfsFjlpmHH9EJN/episodes/2025-09-20-17-47-54-000000,/__modal/volumes/vo-UZL6XRNnGfsFjlpmHH9EJN/segments/2025-09-20-17-47-54-000000/front_1/000081.mp4,/__modal/volumes/vo-UZL6XRNnGfsFjlpmHH9EJN/episodes/2025-09-20-17-47-54-000000,True,,fold_clothes__1,6.284032879491481,0.8217821782178217,0.3564356435643564,False,True,facility_location_gain_per_second
2025-09-20-17-47-54-000000,2025-09-20-17-47-54-000000:front_1:000082,fold_clothes,82.0,83.0,1.0,1.0,1.0,1.0,0.0,0,per_frame_inverse_head_to_world:obs_head_pose,/__modal/volumes/vo-UZL6XRNnGfsFjlpmHH9EJN/episodes/2025-09-20-17-47-54-000000,/__modal/volumes/vo-UZL6XRNnGfsFjlpmHH9EJN/segments/2025-09-20-17-47-54-000000/front_1/000082.mp4,/__modal/volumes/vo-UZL6XRNnGfsFjlpmHH9EJN/episodes/2025-09-20-17-47-54-000000,True,,fold_clothes__2,3.846247154561142,0.1782178217821782,0.900990099009901,False,False,
2025-09-20-17-47-54-000000,2025-09-20-17-47-54-000000:front_1:000083,fold_clothes,83.0,84.0,1.0,1.0,1.0,1.0,0.0,0,per_frame_inverse_head_to_world:obs_head_pose,/__modal/volumes/vo-UZL6XRNnGfsFjlpmHH9EJN/episodes/2025-09-20-17-47-54-000000,/__modal/volumes/vo-UZL6XRNnGfsFjlpmHH9EJN/segments/2025-09-20-17-47-54-000000/front_1/000083.mp4,/__modal/volumes/vo-UZL6XRNnGfsFjlpmHH9EJN/episodes/2025-09-20-17-47-54-000000,True,,fold_clothes__1,3.503626288325357,0.1188118811881188,0.3564356435643564,False,False,
2025-09-20-17-47-54-000000,2025-09-20-17-47-54-000000:front_1:000084,fold_clothes,84.0,85.0,1.0,1.0,1.0,1.0,0.0,0,per_frame_inverse_head_to_world:obs_head_pose,/__modal/volumes/vo-UZL6XRNnGfsFjlpmHH9EJN/episodes/2025-09-20-17-47-54-000000,/__modal/volumes/vo-UZL6XRNnGfsFjlpmHH9EJN/segments/2025-09-20-17-47-54-000000/front_1/000084.mp4,/__modal/volumes/vo-UZL6XRNnGfsFjlpmHH9EJN/episodes/2025-09-20-17-47-54-000000,True,,fold_clothes__3,6.342575828697618,0.8316831683168316,0.8910891089108911,False,False,
2025-09-20-17-47-54-000000,2025-09-20-17-47-54-000000:front_1:000085,fold_clothes,85.0,86.0,1.0,1.0,1.0,1.0,0.0,0,per_frame_inverse_head_to_world:obs_head_pose,/__modal/volumes/vo-UZL6XRNnGfsFjlpmHH9EJN/episodes/2025-09-20-17-47-54-000000,/__modal/volumes/vo-UZL6XRNnGfsFjlpmHH9EJN/segments/2025-09-20-17-47-54-000000/front_1/000085.mp4,/__modal/volumes/vo-UZL6XRNnGfsFjlpmHH9EJN/episodes/2025-09-20-17-47-54-000000,True,,fold_clothes__0,7.192151851836063,0.9306930693069307,0.8514851485148515,False,True,facility_location_gain_per_second
2025-09-20-17-47-54-000000,2025-09-20-17-47-54-000000:front_1:000086,fold_clothes,86.0,87.0,1.0,1.0,1.0,1.0,0.0,0,per_frame_inverse_head_to_world:obs_head_pose,/__modal/volumes/vo-UZL6XRNnGfsFjlpmHH9EJN/episodes/2025-09-20-17-47-54-000000,/__modal/volumes/vo-UZL6XRNnGfsFjlpmHH9EJN/segments/2025-09-20-17-47-54-000000/front_1/000086.mp4,/__modal/volumes/vo-UZL6XRNnGfsFjlpmHH9EJN/episodes/2025-09-20-17-47-54-000000,True,,fold_clothes__1,4.734502965127291,0.45544554455445546,0.3564356435643564,False,False,
2025-09-20-17-47-54-000000,2025-09-20-17-47-54-000000:front_1:000087,fold_clothes,87.0,88.0,1.0,1.0,,,,,,,/__modal/volumes/vo-UZL6XRNnGfsFjlpmHH9EJN/segments/2025-09-20-17-47-54-000000/front_1/000087.mp4,/__modal/volumes/vo-UZL6XRNnGfsFjlpmHH9EJN/episodes/2025-09-20-17-47-54-000000,False,tracking_rejected:fewer than two pose frames overlap segment timestamps,,,,,,False,
2025-09-20-17-47-54-000000,2025-09-20-17-47-54-000000:front_1:000088,fold_clothes,88.0,89.0,1.0,1.0,1.0,1.0,0.0,0,per_frame_inverse_head_to_world:obs_head_pose,/__modal/volumes/vo-UZL6XRNnGfsFjlpmHH9EJN/episodes/2025-09-20-17-47-54-000000,/__modal/volumes/vo-UZL6XRNnGfsFjlpmHH9EJN/segments/2025-09-20-17-47-54-000000/front_1/000088.mp4,/__modal/volumes/vo-UZL6XRNnGfsFjlpmHH9EJN/episodes/2025-09-20-17-47-54-000000,True,,fold_clothes__1,6.142692075373452,0.7722772277227723,0.3564356435643564,False,True,facility_location_gain_per_second
2025-09-20-17-47-54-000000,2025-09-20-17-47-54-000000:front_1:000089,fold_clothes,89.0,90.0,1.0,1.0,1.0,1.0,0.0,0,per_frame_inverse_head_to_world:obs_head_pose,/__modal/volumes/vo-UZL6XRNnGfsFjlpmHH9EJN/episodes/2025-09-20-17-47-54-000000,/__modal/volumes/vo-UZL6XRNnGfsFjlpmHH9EJN/segments/2025-09-20-17-47-54-000000/front_1/000089.mp4,/__modal/volumes/vo-UZL6XRNnGfsFjlpmHH9EJN/episodes/2025-09-20-17-47-54-000000,True,,fold_clothes__1,3.232647546263044,0.07920792079207921,0.3564356435643564,False,False,
2025-09-20-17-47-54-000000,2025-09-20-17-47-54-000000:front_1:000090,fold_clothes,90.0,91.0,1.0,1.0,1.0,1.0,0.0,0,per_frame_inverse_head_to_world:obs_head_pose,/__modal/volumes/vo-UZL6XRNnGfsFjlpmHH9EJN/episodes/2025-09-20-17-47-54-000000,/__modal/volumes/vo-UZL6XRNnGfsFjlpmHH9EJN/segments/2025-09-20-17-47-54-000000/front_1/000090.mp4,/__modal/volumes/vo-UZL6XRNnGfsFjlpmHH9EJN/episodes/2025-09-20-17-47-54-000000,True,,fold_clothes__1,2.889181623325066,0.04950495049504951,0.3564356435643564,False,False,
2025-09-20-17-47-54-000000,2025-09-20-17-47-54-000000:front_1:000091,fold_clothes,91.0,92.0,1.0,1.0,1.0,1.0,0.0,0,per_frame_inverse_head_to_world:obs_head_pose,/__modal/volumes/vo-UZL6XRNnGfsFjlpmHH9EJN/episodes/2025-09-20-17-47-54-000000,/__modal/volumes/vo-UZL6XRNnGfsFjlpmHH9EJN/segments/2025-09-20-17-47-54-000000/front_1/000091.mp4,/__modal/volumes/vo-UZL6XRNnGfsFjlpmHH9EJN/episodes/2025-09-20-17-47-54-000000,True,,fold_clothes__1,7.086815595546199,0.9207920792079208,0.3564356435643564,False,True,facility_location_gain_per_second
2025-09-20-17-47-54-000000,2025-09-20-17-47-54-000000:front_1:000092,fold_clothes,92.0,93.0,1.0,1.0,1.0,1.0,0.0,0,per_frame_inverse_head_to_world:obs_head_pose,/__modal/volumes/vo-UZL6XRNnGfsFjlpmHH9EJN/episodes/2025-09-20-17-47-54-000000,/__modal/volumes/vo-UZL6XRNnGfsFjlpmHH9EJN/segments/2025-09-20-17-47-54-000000/front_1/000092.mp4,/__modal/volumes/vo-UZL6XRNnGfsFjlpmHH9EJN/episodes/2025-09-20-17-47-54-000000,True,,fold_clothes__1,6.190923254156715,0.801980198019802,0.3564356435643564,False,True,facility_location_gain_per_second
2025-09-20-17-47-54-000000,2025-09-20-17-47-54-000000:front_1:000093,fold_clothes,93.0,93.83333333333331,0.8333333333333334,1.0,1.0,1.0,0.0,0,per_frame_inverse_head_to_world:obs_head_pose,/__modal/volumes/vo-UZL6XRNnGfsFjlpmHH9EJN/episodes/2025-09-20-17-47-54-000000,/__modal/volumes/vo-UZL6XRNnGfsFjlpmHH9EJN/segments/2025-09-20-17-47-54-000000/front_1/000093.mp4,/__modal/volumes/vo-UZL6XRNnGfsFjlpmHH9EJN/episodes/2025-09-20-17-47-54-000000,True,,fold_clothes__2,11.086489234783423,1.0,0.900990099009901,False,True,facility_location_gain_per_second
