episode_id,segment_id,canonical_verb,start_time,end_time,duration,start_frame,end_frame_exclusive,tracking_valid_frac,measured_tracking_valid_frac,tracking_quality,missing_value_rate,interpolated_value_count,coordinate_mode,pose_source_path,video_path,source_data_path,is_valid,rejection_reason,cluster_id,mean_same_verb_knn_distance,distinctiveness_percentile,cluster_rarity,potential_tracking_outlier,selected,selection_reason
2025-09-20-17-42-51-000000,2025-09-20-17-42-51-000000:front_1:000000,fold_clothes,0.0,1.0,1.0,0,30,1.0,1.0,1.0,0.0,0,per_frame_inverse_head_to_world:obs_head_pose,/__modal/volumes/vo-UZL6XRNnGfsFjlpmHH9EJN/episodes/2025-09-20-17-42-51-000000,/__modal/volumes/vo-UZL6XRNnGfsFjlpmHH9EJN/segments/2025-09-20-17-42-51-000000/front_1/000000.mp4,/__modal/volumes/vo-UZL6XRNnGfsFjlpmHH9EJN/episodes/2025-09-20-17-42-51-000000,True,,fold_clothes__0,4.929231224245703,0.7393617021276596,0.7659574468085106,False,True,facility_location_gain_per_second
2025-09-20-17-42-51-000000,2025-09-20-17-42-51-000000:front_1:000001,fold_clothes,1.0,2.0,1.0,30,60,1.0,1.0,1.0,0.0,0,per_frame_inverse_head_to_world:obs_head_pose,/__modal/volumes/vo-UZL6XRNnGfsFjlpmHH9EJN/episodes/2025-09-20-17-42-51-000000,/__modal/volumes/vo-UZL6XRNnGfsFjlpmHH9EJN/segments/2025-09-20-17-42-51-000000/front_1/000001.mp4,/__modal/volumes/vo-UZL6XRNnGfsFjlpmHH9EJN/episodes/2025-09-20-17-42-51-000000,True,,fold_clothes__0,3.972781609157915,0.5319148936170213,0.7659574468085106,False,False,
2025-09-20-17-42-51-000000,2025-09-20-17-42-51-000000:front_1:000002,fold_clothes,2.0,3.0,1.0,60,90,1.0,1.0,1.0,0.0,0,per_frame_inverse_head_to_world:obs_head_pose,/__modal/volumes/vo-UZL6XRNnGfsFjlpmHH9EJN/episodes/2025-09-20-17-42-51-000000,/__modal/volumes/vo-UZL6XRNnGfsFjlpmHH9EJN/segments/2025-09-20-17-42-51-000000/front_1/000002.mp4,/__modal/volumes/vo-UZL6XRNnGfsFjlpmHH9EJN/episodes/2025-09-20-17-42-51-000000,True,,fold_clothes__0,3.006113340215001,0.14893617021276595,0.7659574468085106,False,True,facility_location_gain_per_second
2025-09-20-17-42-51-000000,2025-09-20-17-42-51-000000:front_1:000003,fold_clothes,3.0,4.0,1.0,90,120,1.0,1.0,1.0,0.0,0,per_frame_inverse_head_to_world:obs_head_pose,/__modal/volumes/vo-UZL6XRNnGfsFjlpmHH9EJN/episodes/2025-09-20-17-42-51-000000,/__modal/volumes/vo-UZL6XRNnGfsFjlpmHH9EJN/segments/2025-09-20-17-42-51-000000/front_1/000003.mp4,/__modal/volumes/vo-UZL6XRNnGfsFjlpmHH9EJN/episodes/2025-09-20-17-42-51-000000,True,,fold_clothes__1,4.702948135201353,0.6808510638297872,0.75,False,False,
2025-09-20-17-42-51-000000,2025-09-20-17-42-51-000000:front_1:000004,fold_clothes,4.0,5.0,1.0,120,150,1.0,1.0,1.0,0.0,0,per_frame_inverse_head_to_world:obs_head_pose,/__modal/volumes/vo-UZL6XRNnGfsFjlpmHH9EJN/episodes/2025-09-20-17-42-51-000000,/__modal/volumes/vo-UZL6XRNnGfsFjlpmHH9EJN/segments/2025-09-20-17-42-51-000000/front_1/000004.mp4,/__modal/volumes/vo-UZL6XRNnGfsFjlpmHH9EJN/episodes/2025-09-20-17-42-51-000000,True,,fold_clothes__1,4.259670562815288,0.6117021276595744,0.75,False,True,facility_location_gain_per_second
2025-09-20-17-42-51-000000,2025-09-20-17-42-51-000000:front_1:000005,fold_clothes,5.0,6.0,1.0,150,180,1.0,1.0,1.0,0.0,0,per_frame_inverse_head_to_world:obs_head_pose,/__modal/volumes/vo-UZL6XRNnGfsFjlpmHH9EJN/episodes/2025-09-20-17-42-51-000000,/__modal/volumes/vo-UZL6XRNnGfsFjlpmHH9EJN/segments/2025-09-20-17-42-51-000000/front_1/000005.mp4,/__modal/volumes/vo-UZL6XRNnGfsFjlpmHH9EJN/episodes/2025-09-20-17-42-51-000000,True,,fold_clothes__2,5.666426506885516,0.8723404255319149,0.9414893617021276,False,True,facility_location_gain_per_second
2025-09-20-17-42-51-000000,2025-09-20-17-42-51-000000:front_1:000006,fold_clothes,6.0,7.0,1.0,180,210,1.0,1.0,1.0,0.0,0,per_frame_inverse_head_to_world:obs_head_pose,/__modal/volumes/vo-UZL6XRNnGfsFjlpmHH9EJN/episodes/2025-09-20-17-42-51-000000,/__modal/volumes/vo-UZL6XRNnGfsFjlpmHH9EJN/segments/2025-09-20-17-42-51-000000/front_1/000006.mp4,/__modal/volumes/vo-UZL6XRNnGfsFjlpmHH9EJN/episodes/2025-09-20-17-42-51-000000,True,,fold_clothes__0,3.2307370139122993,0.26063829787234044,0.7659574468085106,False,False,
2025-09-20-17-42-51-000000,2025-09-20-17-42-51-000000:front_1:000007,fold_clothes,7.0,8.0,1.0,210,240,1.0,1.0,1.0,0.0,0,per_frame_inverse_head_to_world:obs_head_pose,/__modal/volumes/vo-UZL6XRNnGfsFjlpmHH9EJN/episodes/2025-09-20-17-42-51-000000,/__modal/volumes/vo-UZL6XRNnGfsFjlpmHH9EJN/segments/2025-09-20-17-42-51-000000/front_1/000007.mp4,/__modal/volumes/vo-UZL6XRNnGfsFjlpmHH9EJN/episodes/2025-09-20-17-42-51-000000,True,,fold_clothes__1,3.320927461982791,0.2925531914893617,0.75,False,True,facility_location_gain_per_second
2025-09-20-17-42-51-000000,2025-09-20-17-42-51-000000:front_1:000008,fold_clothes,8.0,9.0,1.0,240,270,1.0,1.0,1.0,0.0,0,per_frame_inverse_head_to_world:obs_head_pose,/__modal/volumes/vo-UZL6XRNnGfsFjlpmHH9EJN/episodes/2025-09-20-17-42-51-000000,/__modal/volumes/vo-UZL6XRNnGfsFjlpmHH9EJN/segments/2025-09-20-17-42-51-000000/front_1/000008.mp4,/__modal/volumes/vo-UZL6XRNnGfsFjlpmHH9EJN/episodes/2025-09-20-17-42-51-000000,True,,fold_clothes__1,5.347446379495206,0.8138297872340425,0.75,False,False,
2025-09-20-17-42-51-000000,2025-09-20-17-42-51-000000:front_1:000009,fold_clothes,9.0,10.0,1.0,270,300,1.0,1.0,1.0,0.0,0,per_frame_inverse_head_to_world:obs_head_pose,/__modal/volumes/vo-UZL6XRNnGfsFjlpmHH9EJN/episodes/2025-09-20-17-42-51-000000,/__modal/volumes/vo-UZL6XRNnGfsFjlpmHH9EJN/segments/2025-09-20-17-42-51-000000/front_1/000009.mp4,/__modal/volumes/vo-UZL6XRNnGfsFjlpmHH9EJN/episodes/2025-09-20-17-42-51-000000,True,,fold_clothes__3,6.508016555782642,0.9361702127659575,0.9095744680851063,False,True,facility_location_gain_per_second
2025-09-20-17-42-51-000000,2025-09-20-17-42-51-000000:front_1:000010,fold_clothes,10.0,11.0,1.0,300,330,1.0,1.0,1.0,0.0,0,per_frame_inverse_head_to_world:obs_head_pose,/__modal/volumes/vo-UZL6XRNnGfsFjlpmHH9EJN/episodes/2025-09-20-17-42-51-000000,/__modal/volumes/vo-UZL6XRNnGfsFjlpmHH9EJN/segments/2025-09-20-17-42-51-000000/front_1/000010.mp4,/__modal/volumes/vo-UZL6XRNnGfsFjlpmHH9EJN/episodes/2025-09-20-17-42-51-000000,True,,fold_clothes__0,3.0651780077772166,0.17553191489361702,0.7659574468085106,False,False,
2025-09-20-17-42-51-000000,2025-09-20-17-42-51-000000:front_1:000011,fold_clothes,11.0,12.0,1.0,330,360,1.0,1.0,1.0,0.0,0,per_frame_inverse_head_to_world:obs_head_pose,/__modal/volumes/vo-UZL6XRNnGfsFjlpmHH9EJN/episodes/2025-09-20-17-42-51-000000,/__modal/volumes/vo-UZL6XRNnGfsFjlpmHH9EJN/segments/2025-09-20-17-42-51-000000/front_1/000011.mp4,/__modal/volumes/vo-UZL6XRNnGfsFjlpmHH9EJN/episodes/2025-09-20-17-42-51-000000,True,,fold_clothes__1,3.7459903215704093,0.4627659574468085,0.75,False,False,
2025-09-20-17-42-51-000000,2025-09-20-17-42-51-000000:front_1:000012,fold_clothes,12.0,13.0,1.0,360,390,1.0,1.0,1.0,0.0,0,per_frame_inverse_head_to_world:obs_head_pose,/__modal/volumes/vo-UZL6XRNnGfsFjlpmHH9EJN/episodes/2025-09-20-17-42-51-000000,/__modal/volumes/vo-UZL6XRNnGfsFjlpmHH9EJN/segments/2025-09-20-17-42-51-000000/front_1/000012.mp4,/__modal/volumes/vo-UZL6XRNnGfsFjlpmHH9EJN/episodes/2025-09-20-17-42-51-000000,True,,fold_clothes__1,4.242733217263111,0.6063829787234043,0.75,False,False,
2025-09-20-17-42-51-000000,2025-09-20-17-42-51-000000:front_1:000013,fold_clothes,13.0,14.0,1.0,390,420,1.0,1.0,1.0,0.0,0,per_frame_inverse_head_to_world:obs_head_pose,/__modal/volumes/vo-UZL6XRNnGfsFjlpmHH9EJN/episodes/2025-09-20-17-42-51-000000,/__modal/volumes/vo-UZL6XRNnGfsFjlpmHH9EJN/segments/2025-09-20-17-42-51-000000/front_1/000013.mp4,/__modal/volumes/vo-UZL6XRNnGfsFjlpmHH9EJN/episodes/2025-09-20-17-42-51-000000,True,,fold_clothes__4,6.243570285487209,0.925531914893617,0.9574468085106383,False,True,facility_location_gain_per_second
2025-09-20-17-42-51-000000,2025-09-20-17-42-51-000000:front_1:000014,fold_clothes,14.0,15.0,1.0,420,450,1.0,1.0,1.0,0.0,0,per_frame_inverse_head_to_world:obs_head_pose,/__modal/volumes/vo-UZL6XRNnGfsFjlpmHH9EJN/episodes/2025-09-20-17-42-51-000000,/__modal/volumes/vo-UZL6XRNnGfsFjlpmHH9EJN/segments/2025-09-20-17-42-51-000000/front_1/000014.mp4,/__modal/volumes/vo-UZL6XRNnGfsFjlpmHH9EJN/episodes/2025-09-20-17-42-51-000000,True,,fold_clothes__0,3.158666132459355,0.22872340425531915,0.7659574468085106,False,False,
2025-09-20-17-42-51-000000,2025-09-20-17-42-51-000000:front_1:000015,fold_clothes,15.0,16.0,1.0,450,480,1.0,1.0,1.0,0.0,0,per_frame_inverse_head_to_world:obs_head_pose,/__modal/volumes/vo-UZL6XRNnGfsFjlpmHH9EJN/episodes/2025-09-20-17-42-51-000000,/__modal/volumes/vo-UZL6XRNnGfsFjlpmHH9EJN/segments/2025-09-20-17-42-51-000000/front_1/000015.mp4,/__modal/volumes/vo-UZL6XRNnGfsFjlpmHH9EJN/episodes/2025-09-20-17-42-51-000000,True,,fold_clothes__1,3.0068918109885985,0.15425531914893617,0.75,False,False,
2025-09-20-17-42-51-000000,2025-09-20-17-42-51-000000:front_1:000016,fold_clothes,16.0,17.0,1.0,480,510,1.0,1.0,1.0,0.0,0,per_frame_inverse_head_to_world:obs_head_pose,/__modal/volumes/vo-UZL6XRNnGfsFjlpmHH9EJN/episodes/2025-09-20-17-42-51-000000,/__modal/volumes/vo-UZL6XRNnGfsFjlpmHH9EJN/segments/2025-09-20-17-42-51-000000/front_1/000016.mp4,/__modal/volumes/vo-UZL6XRNnGfsFjlpmHH9EJN/episodes/2025-09-20-17-42-51-000000,True,,fold_clothes__1,4.876214861881048,0.723404255319149,0.75,False,True,facility_location_gain_per_second
2025-09-20-17-42-51-000000,2025-09-20-17-42-51-000000:front_1:000017,fold_clothes,17.0,18.0,1.0,510,540,1.0,1.0,1.0,0.0,0,per_frame_inverse_head_to_world:obs_head_pose,/__modal/volumes/vo-UZL6XRNnGfsFjlpmHH9EJN/episodes/2025-09-20-17-42-51-000000,/__modal/volumes/vo-UZL6XRNnGfsFjlpmHH9EJN/segments/2025-09-20-17-42-51-000000/front_1/000017.mp4,/__modal/volumes/vo-UZL6XRNnGfsFjlpmHH9EJN/episodes/2025-09-20-17-42-51-000000,True,,fold_clothes__3,3.9884020570422765,0.5531914893617021,0.9095744680851063,False,False,
2025-09-20-17-42-51-000000,2025-09-20-17-42-51-000000:front_1:000018,fold_clothes,18.0,19.0,1.0,540,570,1.0,1.0,1.0,0.0,0,per_frame_inverse_head_to_world:obs_head_pose,/__modal/volumes/vo-UZL6XRNnGfsFjlpmHH9EJN/episodes/2025-09-20-17-42-51-000000,/__modal/volumes/vo-UZL6XRNnGfsFjlpmHH9EJN/segments/2025-09-20-17-42-51-000000/front_1/000018.mp4,/__modal/volumes/vo-UZL6XRNnGfsFjlpmHH9EJN/episodes/2025-09-20-17-42-51-000000,True,,fold_clothes__5,3.4817972144996645,0.3617021276595745,0.7234042553191489,False,False,
2025-09-20-17-42-51-000000,2025-09-20-17-42-51-000000:front_1:000019,fold_clothes,19.0,20.0,1.0,570,600,1.0,1.0,1.0,0.0,0,per_frame_inverse_head_to_world:obs_head_pose,/__modal/volumes/vo-UZL6XRNnGfsFjlpmHH9EJN/episodes/2025-09-20-17-42-51-000000,/__modal/volumes/vo-UZL6XRNnGfsFjlpmHH9EJN/segments/2025-09-20-17-42-51-000000/front_1/000019.mp4,/__modal/volumes/vo-UZL6XRNnGfsFjlpmHH9EJN/episodes/2025-09-20-17-42-51-000000,True,,fold_clothes__5,4.179712262169879,0.5904255319148937,0.7234042553191489,False,False,
2025-09-20-17-42-51-000000,2025-09-20-17-42-51-000000:front_1:000020,fold_clothes,20.0,21.0,1.0,600,630,1.0,1.0,1.0,0.0,0,per_frame_inverse_head_to_world:obs_head_pose,/__modal/volumes/vo-UZL6XRNnGfsFjlpmHH9EJN/episodes/2025-09-20-17-42-51-000000,/__modal/volumes/vo-UZL6XRNnGfsFjlpmHH9EJN/segments/2025-09-20-17-42-51-000000/front_1/000020.mp4,/__modal/volumes/vo-UZL6XRNnGfsFjlpmHH9EJN/episodes/2025-09-20-17-42-51-000000,True,,fold_clothes__2,5.545492074941424,0.851063829787234,0.9414893617021276,False,True,facility_location_gain_per_second
2025-09-20-17-42-51-000000,2025-09-20-17-42-51-000000:front_1:000021,fold_clothes,21.0,22.0,1.0,630,660,1.0,1.0,1.0,0.0,0,per_frame_inverse_head_to_world:obs_head_pose,/__modal/volumes/vo-UZL6XRNnGfsFjlpmHH9EJN/episodes/2025-09-20-17-42-51-000000,/__modal/volumes/vo-UZL6XRNnGfsFjlpmHH9EJN/segments/2025-09-20-17-42-51-000000/front_1/000021.mp4,/__modal/volumes/vo-UZL6XRNnGfsFjlpmHH9EJN/episodes/2025-09-20-17-42-51-000000,True,,fold_clothes__0,3.7813299625419625,0.4734042553191489,0.7659574468085106,False,False,
2025-09-20-17-42-51-000000,2025-09-20-17-42-51-000000:front_1:000022,fold_clothes,22.0,23.0,1.0,660,690,1.0,1.0,1.0,0.0,0,per_frame_inverse_head_to_world:obs_head_pose,/__modal/volumes/vo-UZL6XRNnGfsFjlpmHH9EJN/episodes/2025-09-20-17-42-51-000000,/__modal/volumes/vo-UZL6XRNnGfsFjlpmHH9EJN/segments/2025-09-20-17-42-51-000000/front_1/000022.mp4,/__modal/volumes/vo-UZL6XRNnGfsFjlpmHH9EJN/episodes/2025-09-20-17-42-51-000000,True,,fold_clothes__5,3.6504781566870674,0.4148936170212766,0.7234042553191489,False,False,
2025-09-20-17-42-51-000000,2025-09-20-17-42-51-000000:front_1:000023,fold_clothes,23.0,24.0,1.0,690,720,1.0,1.0,1.0,0.0,0,per_frame_inverse_head_to_world:obs_head_pose,/__modal/volumes/vo-UZL6XRNnGfsFjlpmHH9EJN/episodes/2025-09-20-17-42-51-000000,/__modal/volumes/vo-UZL6XRNnGfsFjlpmHH9EJN/segments/2025-09-20-17-42-51-000000/front_1/000023.mp4,/__modal/volumes/vo-UZL6XRNnGfsFjlpmHH9EJN/episodes/2025-09-20-17-42-51-000000,True,,fold_clothes__1,3.4043782166886287,0.3351063829787234,0.75,False,False,
2025-09-20-17-42-51-000000,2025-09-20-17-42-51-000000:front_1:000024,fold_clothes,24.0,25.0,1.0,720,750,1.0,1.0,1.0,0.0,0,per_frame_inverse_head_to_world:obs_head_pose,/__modal/volumes/vo-UZL6XRNnGfsFjlpmHH9EJN/episodes/2025-09-20-17-42-51-000000,/__modal/volumes/vo-UZL6XRNnGfsFjlpmHH9EJN/segments/2025-09-20-17-42-51-000000/front_1/000024.mp4,/__modal/volumes/vo-UZL6XRNnGfsFjlpmHH9EJN/episodes/2025-09-20-17-42-51-000000,True,,fold_clothes__2,5.42138472456528,0.824468085106383,0.9414893617021276,False,True,facility_location_gain_per_second
2025-09-20-17-42-51-000000,2025-09-20-17-42-51-000000:front_1:000025,fold_clothes,25.0,26.0,1.0,750,780,1.0,1.0,1.0,0.0,0,per_frame_inverse_head_to_world:obs_head_pose,/__modal/volumes/vo-UZL6XRNnGfsFjlpmHH9EJN/episodes/2025-09-20-17-42-51-000000,/__modal/volumes/vo-UZL6XRNnGfsFjlpmHH9EJN/segments/2025-09-20-17-42-51-000000/front_1/000025.mp4,/__modal/volumes/vo-UZL6XRNnGfsFjlpmHH9EJN/episodes/2025-09-20-17-42-51-000000,True,,fold_clothes__0,5.751716167459649,0.8882978723404256,0.7659574468085106,False,True,facility_location_gain_per_second
2025-09-20-17-42-51-000000,2025-09-20-17-42-51-000000:front_1:000026,fold_clothes,26.0,27.0,1.0,780,810,1.0,1.0,1.0,0.0,0,per_frame_inverse_head_to_world:obs_head_pose,/__modal/volumes/vo-UZL6XRNnGfsFjlpmHH9EJN/episodes/2025-09-20-17-42-51-000000,/__modal/volumes/vo-UZL6XRNnGfsFjlpmHH9EJN/segments/2025-09-20-17-42-51-000000/front_1/000026.mp4,/__modal/volumes/vo-UZL6XRNnGfsFjlpmHH9EJN/episodes/2025-09-20-17-42-51-000000,True,,fold_clothes__0,3.1748069406779145,0.24468085106382978,0.7659574468085106,False,False,
2025-09-20-17-42-51-000000,2025-09-20-17-42-51-000000:front_1:000027,fold_clothes,27.0,28.0,1.0,810,840,1.0,1.0,1.0,0.0,0,per_frame_inverse_head_to_world:obs_head_pose,/__modal/volumes/vo-UZL6XRNnGfsFjlpmHH9EJN/episodes/2025-09-20-17-42-51-000000,/__modal/volumes/vo-UZL6XRNnGfsFjlpmHH9EJN/segments/2025-09-20-17-42-51-000000/front_1/000027.mp4,/__modal/volumes/vo-UZL6XRNnGfsFjlpmHH9EJN/episodes/2025-09-20-17-42-51-000000,True,,fold_clothes__1,4.031600470521031,0.5638297872340425,0.75,False,False,
2025-09-20-17-42-51-000000,2025-09-20-17-42-51-000000:front_1:000028,fold_clothes,28.0,29.0,1.0,840,870,1.0,1.0,1.0,0.0,0,per_frame_inverse_head_to_world:obs_head_pose,/__modal/volumes/vo-UZL6XRNnGfsFjlpmHH9EJN/episodes/2025-09-20-17-42-51-000000,/__modal/volumes/vo-UZL6XRNnGfsFjlpmHH9EJN/segments/2025-09-20-17-42-51-000000/front_1/000028.mp4,/__modal/volumes/vo-UZL6XRNnGfsFjlpmHH9EJN/episodes/2025-09-20-17-42-51-000000,True,,fold_clothes__0,5.743603334770461,0.8829787234042553,0.7659574468085106,False,False,
2025-09-20-17-42-51-000000,2025-09-20-17-42-51-000000:front_1:000029,fold_clothes,29.0,30.0,1.0,870,900,1.0,1.0,1.0,0.0,0,per_frame_inverse_head_to_world:obs_head_pose,/__modal/volumes/vo-UZL6XRNnGfsFjlpmHH9EJN/episodes/2025-09-20-17-42-51-000000,/__modal/volumes/vo-UZL6XRNnGfsFjlpmHH9EJN/segments/2025-09-20-17-42-51-000000/front_1/000029.mp4,/__modal/volumes/vo-UZL6XRNnGfsFjlpmHH9EJN/episodes/2025-09-20-17-42-51-000000,True,,fold_clothes__0,3.318228143289493,0.2872340425531915,0.7659574468085106,False,True,facility_location_gain_per_second
2025-09-20-17-42-51-000000,2025-09-20-17-42-51-000000:front_1:000030,fold_clothes,30.0,31.0,1.0,900,930,1.0,1.0,1.0,0.0,0,per_frame_inverse_head_to_world:obs_head_pose,/__modal/volumes/vo-UZL6XRNnGfsFjlpmHH9EJN/episodes/2025-09-20-17-42-51-000000,/__modal/volumes/vo-UZL6XRNnGfsFjlpmHH9EJN/segments/2025-09-20-17-42-51-000000/front_1/000030.mp4,/__modal/volumes/vo-UZL6XRNnGfsFjlpmHH9EJN/episodes/2025-09-20-17-42-51-000000,True,,fold_clothes__5,3.676521758120073,0.4308510638297872,0.7234042553191489,False,True,facility_location_gain_per_second
2025-09-20-17-42-51-000000,2025-09-20-17-42-51-000000:front_1:000031,fold_clothes,31.0,32.0,1.0,930,960,1.0,1.0,1.0,0.0,0,per_frame_inverse_head_to_world:obs_head_pose,/__modal/volumes/vo-UZL6XRNnGfsFjlpmHH9EJN/episodes/2025-09-20-17-42-51-000000,/__modal/volumes/vo-UZL6XRNnGfsFjlpmHH9EJN/segments/2025-09-20-17-42-51-000000/front_1/000031.mp4,/__modal/volumes/vo-UZL6XRNnGfsFjlpmHH9EJN/episodes/2025-09-20-17-42-51-000000,True,,fold_clothes__1,4.203122142709776,0.5957446808510638,0.75,False,False,
2025-09-20-17-42-51-000000,2025-09-20-17-42-51-000000:front_1:000032,fold_clothes,32.0,33.0,1.0,960,990,1.0,1.0,1.0,0.0,0,per_frame_inverse_head_to_world:obs_head_pose,/__modal/volumes/vo-UZL6XRNnGfsFjlpmHH9EJN/episodes/2025-09-20-17-42-51-000000,/__modal/volumes/vo-UZL6XRNnGfsFjlpmHH9EJN/segments/2025-09-20-17-42-51-000000/front_1/000032.mp4,/__modal/volumes/vo-UZL6XRNnGfsFjlpmHH9EJN/episodes/2025-09-20-17-42-51-000000,True,,fold_clothes__4,5.591851883213944,0.8617021276595744,0.9574468085106383,False,False,
2025-09-20-17-42-51-000000,2025-09-20-17-42-51-000000:front_1:000033,fold_clothes,33.0,34.0,1.0,990,1020,1.0,1.0,1.0,0.0,0,per_frame_inverse_head_to_world:obs_head_pose,/__modal/volumes/vo-UZL6XRNnGfsFjlpmHH9EJN/episodes/2025-09-20-17-42-51-000000,/__modal/volumes/vo-UZL6XRNnGfsFjlpmHH9EJN/segments/2025-09-20-17-42-51-000000/front_1/000033.mp4,/__modal/volumes/vo-UZL6XRNnGfsFjlpmHH9EJN/episodes/2025-09-20-17-42-51-000000,True,,fold_clothes__0,3.0956061365407046,0.2074468085106383,0.7659574468085106,False,False,
2025-09-20-17-42-51-000000,2025-09-20-17-42-51-000000:front_1:000034,fold_clothes,34.0,35.0,1.0,1020,1050,1.0,1.0,1.0,0.0,0,per_frame_inverse_head_to_world:obs_head_pose,/__modal/volumes/vo-UZL6XRNnGfsFjlpmHH9EJN/episodes/2025-09-20-17-42-51-000000,/__modal/volumes/vo-UZL6XRNnGfsFjlpmHH9EJN/segments/2025-09-20-17-42-51-000000/front_1/000034.mp4,/__modal/volumes/vo-UZL6XRNnGfsFjlpmHH9EJN/episodes/2025-09-20-17-42-51-000000,True,,fold_clothes__1,3.6163508307939187,0.40425531914893614,0.75,False,False,
2025-09-20-17-42-51-000000,2025-09-20-17-42-51-000000:front_1:000035,fold_clothes,35.0,36.0,1.0,1050,1080,1.0,1.0,1.0,0.0,0,per_frame_inverse_head_to_world:obs_head_pose,/__modal/volumes/vo-UZL6XRNnGfsFjlpmHH9EJN/episodes/2025-09-20-17-42-51-000000,/__modal/volumes/vo-UZL6XRNnGfsFjlpmHH9EJN/segments/2025-09-20-17-42-51-000000/front_1/000035.mp4,/__modal/volumes/vo-UZL6XRNnGfsFjlpmHH9EJN/episodes/2025-09-20-17-42-51-000000,True,,fold_clothes__1,4.887376501509337,0.7287234042553191,0.75,False,False,
2025-09-20-17-42-51-000000,2025-09-20-17-42-51-000000:front_1:000036,fold_clothes,36.0,37.0,1.0,1080,1110,1.0,1.0,1.0,0.0,0,per_frame_inverse_head_to_world:obs_head_pose,/__modal/volumes/vo-UZL6XRNnGfsFjlpmHH9EJN/episodes/2025-09-20-17-42-51-000000,/__modal/volumes/vo-UZL6XRNnGfsFjlpmHH9EJN/segments/2025-09-20-17-42-51-000000/front_1/000036.mp4,/__modal/volumes/vo-UZL6XRNnGfsFjlpmHH9EJN/episodes/2025-09-20-17-42-51-000000,True,,fold_clothes__2,5.432509826724195,0.8351063829787234,0.9414893617021276,False,False,
2025-09-20-17-42-51-000000,2025-09-20-17-42-51-000000:front_1:000037,fold_clothes,37.0,38.0,1.0,1110,1140,1.0,1.0,1.0,0.0,0,per_frame_inverse_head_to_world:obs_head_pose,/__modal/volumes/vo-UZL6XRNnGfsFjlpmHH9EJN/episodes/2025-09-20-17-42-51-000000,/__modal/volumes/vo-UZL6XRNnGfsFjlpmHH9EJN/segments/2025-09-20-17-42-51-000000/front_1/000037.mp4,/__modal/volumes/vo-UZL6XRNnGfsFjlpmHH9EJN/episodes/2025-09-20-17-42-51-000000,True,,fold_clothes__0,2.7973223050745366,0.0851063829787234,0.7659574468085106,False,False,
2025-09-20-17-42-51-000000,2025-09-20-17-42-51-000000:front_1:000038,fold_clothes,38.0,39.0,1.0,1140,1170,1.0,1.0,1.0,0.0,0,per_frame_inverse_head_to_world:obs_head_pose,/__modal/volumes/vo-UZL6XRNnGfsFjlpmHH9EJN/episodes/2025-09-20-17-42-51-000000,/__modal/volumes/vo-UZL6XRNnGfsFjlpmHH9EJN/segments/2025-09-20-17-42-51-000000/front_1/000038.mp4,/__modal/volumes/vo-UZL6XRNnGfsFjlpmHH9EJN/episodes/2025-09-20-17-42-51-000000,True,,fold_clothes__1,3.162004812277843,0.2393617021276596,0.75,False,True,facility_location_gain_per_second
2025-09-20-17-42-51-000000,2025-09-20-17-42-51-000000:front_1:000039,fold_clothes,39.0,40.0,1.0,1170,1200,1.0,1.0,1.0,0.0,0,per_frame_inverse_head_to_world:obs_head_pose,/__modal/volumes/vo-UZL6XRNnGfsFjlpmHH9EJN/episodes/2025-09-20-17-42-51-000000,/__modal/volumes/vo-UZL6XRNnGfsFjlpmHH9EJN/segments/2025-09-20-17-42-51-000000/front_1/000039.mp4,/__modal/volumes/vo-UZL6XRNnGfsFjlpmHH9EJN/episodes/2025-09-20-17-42-51-000000,True,,fold_clothes__0,4.8281213535382435,0.7074468085106383,0.7659574468085106,False,True,facility_location_gain_per_second
2025-09-20-17-42-51-000000,2025-09-20-17-42-51-000000:front_1:000040,fold_clothes,40.0,41.0,1.0,1200,1230,1.0,1.0,1.0,0.0,0,per_frame_inverse_head_to_world:obs_head_pose,/__modal/volumes/vo-UZL6XRNnGfsFjlpmHH9EJN/episodes/2025-09-20-17-42-51-000000,/__modal/volumes/vo-UZL6XRNnGfsFjlpmHH9EJN/segments/2025-09-20-17-42-51-000000/front_1/000040.mp4,/__modal/volumes/vo-UZL6XRNnGfsFjlpmHH9EJN/episodes/2025-09-20-17-42-51-000000,True,,fold_clothes__3,3.7036678584240548,0.44148936170212766,0.9095744680851063,False,False,
2025-09-20-17-42-51-000000,2025-09-20-17-42-51-000000:front_1:000041,fold_clothes,41.0,42.0,1.0,1230,1260,1.0,1.0,1.0,0.0,0,per_frame_inverse_head_to_world:obs_head_pose,/__modal/volumes/vo-UZL6XRNnGfsFjlpmHH9EJN/episodes/2025-09-20-17-42-51-000000,/__modal/volumes/vo-UZL6XRNnGfsFjlpmHH9EJN/segments/2025-09-20-17-42-51-000000/front_1/000041.mp4,/__modal/volumes/vo-UZL6XRNnGfsFjlpmHH9EJN/episodes/2025-09-20-17-42-51-000000,True,,fold_clothes__5,3.8078406720416886,0.48404255319148937,0.7234042553191489,False,False,
2025-09-20-17-42-51-000000,2025-09-20-17-42-51-000000:front_1:000042,fold_clothes,42.0,43.0,1.0,1260,1290,1.0,1.0,1.0,0.0,0,per_frame_inverse_head_to_world:obs_head_pose,/__modal/volumes/vo-UZL6XRNnGfsFjlpmHH9EJN/episodes/2025-09-20-17-42-51-000000,/__modal/volumes/vo-UZL6XRNnGfsFjlpmHH9EJN/segments/2025-09-20-17-42-51-000000/front_1/000042.mp4,/__modal/volumes/vo-UZL6XRNnGfsFjlpmHH9EJN/episodes/2025-09-20-17-42-51-000000,True,,fold_clothes__1,3.4458113187238433,0.34574468085106386,0.75,False,False,
2025-09-20-17-42-51-000000,2025-09-20-17-42-51-000000:front_1:000043,fold_clothes,43.0,44.0,1.0,1290,1320,1.0,1.0,1.0,0.0,0,per_frame_inverse_head_to_world:obs_head_pose,/__modal/volumes/vo-UZL6XRNnGfsFjlpmHH9EJN/episodes/2025-09-20-17-42-51-000000,/__modal/volumes/vo-UZL6XRNnGfsFjlpmHH9EJN/segments/2025-09-20-17-42-51-000000/front_1/000043.mp4,/__modal/volumes/vo-UZL6XRNnGfsFjlpmHH9EJN/episodes/2025-09-20-17-42-51-000000,True,,fold_clothes__4,4.661105416619909,0.6648936170212766,0.9574468085106383,False,True,facility_location_gain_per_second
2025-09-20-17-42-51-000000,2025-09-20-17-42-51-000000:front_1:000044,fold_clothes,44.0,45.0,1.0,1320,1350,1.0,1.0,1.0,0.0,0,per_frame_inverse_head_to_world:obs_head_pose,/__modal/volumes/vo-UZL6XRNnGfsFjlpmHH9EJN/episodes/2025-09-20-17-42-51-000000,/__modal/volumes/vo-UZL6XRNnGfsFjlpmHH9EJN/segments/2025-09-20-17-42-51-000000/front_1/000044.mp4,/__modal/volumes/vo-UZL6XRNnGfsFjlpmHH9EJN/episodes/2025-09-20-17-42-51-000000,True,,fold_clothes__0,3.091840644031739,0.20212765957446807,0.7659574468085106,False,False,
2025-09-20-17-42-51-000000,2025-09-20-17-42-51-000000:front_1:000045,fold_clothes,45.0,46.0,1.0,1350,1380,1.0,1.0,1.0,0.0,0,per_frame_inverse_head_to_world:obs_head_pose,/__modal/volumes/vo-UZL6XRNnGfsFjlpmHH9EJN/episodes/2025-09-20-17-42-51-000000,/__modal/volumes/vo-UZL6XRNnGfsFjlpmHH9EJN/segments/2025-09-20-17-42-51-000000/front_1/000045.mp4,/__modal/volumes/vo-UZL6XRNnGfsFjlpmHH9EJN/episodes/2025-09-20-17-42-51-000000,True,,fold_clothes__1,3.647377829500109,0.4095744680851064,0.75,False,False,
2025-09-20-17-42-51-000000,2025-09-20-17-42-51-000000:front_1:000046,fold_clothes,46.0,47.0,1.0,1380,1410,1.0,1.0,1.0,0.0,0,per_frame_inverse_head_to_world:obs_head_pose,/__modal/volumes/vo-UZL6XRNnGfsFjlpmHH9EJN/episodes/2025-09-20-17-42-51-000000,/__modal/volumes/vo-UZL6XRNnGfsFjlpmHH9EJN/segments/2025-09-20-17-42-51-000000/front_1/000046.mp4,/__modal/volumes/vo-UZL6XRNnGfsFjlpmHH9EJN/episodes/2025-09-20-17-42-51-000000,True,,fold_clothes__2,5.593552800270653,0.8670212765957447,0.9414893617021276,False,False,
2025-09-20-17-42-51-000000,2025-09-20-17-42-51-000000:front_1:000047,fold_clothes,47.0,48.0,1.0,1410,1440,1.0,1.0,1.0,0.0,0,per_frame_inverse_head_to_world:obs_head_pose,/__modal/volumes/vo-UZL6XRNnGfsFjlpmHH9EJN/episodes/2025-09-20-17-42-51-000000,/__modal/volumes/vo-UZL6XRNnGfsFjlpmHH9EJN/segments/2025-09-20-17-42-51-000000/front_1/000047.mp4,/__modal/volumes/vo-UZL6XRNnGfsFjlpmHH9EJN/episodes/2025-09-20-17-42-51-000000,True,,fold_clothes__0,2.5276330487659386,0.03723404255319149,0.7659574468085106,False,True,facility_location_gain_per_second
2025-09-20-17-42-51-000000,2025-09-20-17-42-51-000000:front_1:000048,fold_clothes,48.0,49.0,1.0,1440,1470,1.0,1.0,1.0,0.0,0,per_frame_inverse_head_to_world:obs_head_pose,/__modal/volumes/vo-UZL6XRNnGfsFjlpmHH9EJN/episodes/2025-09-20-17-42-51-000000,/__modal/volumes/vo-UZL6XRNnGfsFjlpmHH9EJN/segments/2025-09-20-17-42-51-000000/front_1/000048.mp4,/__modal/volumes/vo-UZL6XRNnGfsFjlpmHH9EJN/episodes/2025-09-20-17-42-51-000000,True,,fold_clothes__1,3.4812872851646333,0.35638297872340424,0.75,False,False,
2025-09-20-17-42-51-000000,2025-09-20-17-42-51-000000:front_1:000049,fold_clothes,49.0,50.0,1.0,1470,1500,1.0,1.0,1.0,0.0,0,per_frame_inverse_head_to_world:obs_head_pose,/__modal/volumes/vo-UZL6XRNnGfsFjlpmHH9EJN/episodes/2025-09-20-17-42-51-000000,/__modal/volumes/vo-UZL6XRNnGfsFjlpmHH9EJN/segments/2025-09-20-17-42-51-000000/front_1/000049.mp4,/__modal/volumes/vo-UZL6XRNnGfsFjlpmHH9EJN/episodes/2025-09-20-17-42-51-000000,True,,fold_clothes__6,7.603042116916177,0.9680851063829787,0.9521276595744681,False,True,facility_location_gain_per_second
2025-09-20-17-42-51-000000,2025-09-20-17-42-51-000000:front_1:000050,fold_clothes,50.0,51.0,1.0,1500,1530,1.0,1.0,1.0,0.0,0,per_frame_inverse_head_to_world:obs_head_pose,/__modal/volumes/vo-UZL6XRNnGfsFjlpmHH9EJN/episodes/2025-09-20-17-42-51-000000,/__modal/volumes/vo-UZL6XRNnGfsFjlpmHH9EJN/segments/2025-09-20-17-42-51-000000/front_1/000050.mp4,/__modal/volumes/vo-UZL6XRNnGfsFjlpmHH9EJN/episodes/2025-09-20-17-42-51-000000,True,,fold_clothes__3,8.309571740556274,0.973404255319149,0.9095744680851063,False,True,facility_location_gain_per_second
2025-09-20-17-42-51-000000,2025-09-20-17-42-51-000000:front_1:000051,fold_clothes,51.0,52.0,1.0,1530,1560,1.0,1.0,1.0,0.0,0,per_frame_inverse_head_to_world:obs_head_pose,/__modal/volumes/vo-UZL6XRNnGfsFjlpmHH9EJN/episodes/2025-09-20-17-42-51-000000,/__modal/volumes/vo-UZL6XRNnGfsFjlpmHH9EJN/segments/2025-09-20-17-42-51-000000/front_1/000051.mp4,/__modal/volumes/vo-UZL6XRNnGfsFjlpmHH9EJN/episodes/2025-09-20-17-42-51-000000,True,,fold_clothes__5,3.0736213276871864,0.18617021276595744,0.7234042553191489,False,True,facility_location_gain_per_second
2025-09-20-17-42-51-000000,2025-09-20-17-42-51-000000:front_1:000052,fold_clothes,52.0,53.0,1.0,1560,1590,1.0,1.0,1.0,0.0,0,per_frame_inverse_head_to_world:obs_head_pose,/__modal/volumes/vo-UZL6XRNnGfsFjlpmHH9EJN/episodes/2025-09-20-17-42-51-000000,/__modal/volumes/vo-UZL6XRNnGfsFjlpmHH9EJN/segments/2025-09-20-17-42-51-000000/front_1/000052.mp4,/__modal/volumes/vo-UZL6XRNnGfsFjlpmHH9EJN/episodes/2025-09-20-17-42-51-000000,True,,fold_clothes__1,3.1342394259019226,0.22340425531914893,0.75,False,False,
2025-09-20-17-42-51-000000,2025-09-20-17-42-51-000000:front_1:000053,fold_clothes,53.0,54.0,1.0,1590,1620,1.0,1.0,1.0,0.0,0,per_frame_inverse_head_to_world:obs_head_pose,/__modal/volumes/vo-UZL6XRNnGfsFjlpmHH9EJN/episodes/2025-09-20-17-42-51-000000,/__modal/volumes/vo-UZL6XRNnGfsFjlpmHH9EJN/segments/2025-09-20-17-42-51-000000/front_1/000053.mp4,/__modal/volumes/vo-UZL6XRNnGfsFjlpmHH9EJN/episodes/2025-09-20-17-42-51-000000,True,,fold_clothes__4,4.8706031412311015,0.7180851063829787,0.9574468085106383,False,True,facility_location_gain_per_second
2025-09-20-17-42-51-000000,2025-09-20-17-42-51-000000:front_1:000054,fold_clothes,54.0,55.0,1.0,1620,1650,1.0,1.0,1.0,0.0,0,per_frame_inverse_head_to_world:obs_head_pose,/__modal/volumes/vo-UZL6XRNnGfsFjlpmHH9EJN/episodes/2025-09-20-17-42-51-000000,/__modal/volumes/vo-UZL6XRNnGfsFjlpmHH9EJN/segments/2025-09-20-17-42-51-000000/front_1/000054.mp4,/__modal/volumes/vo-UZL6XRNnGfsFjlpmHH9EJN/episodes/2025-09-20-17-42-51-000000,True,,fold_clothes__5,3.3646213979304194,0.30319148936170215,0.7234042553191489,False,False,
2025-09-20-17-42-51-000000,2025-09-20-17-42-51-000000:front_1:000055,fold_clothes,55.0,56.0,1.0,1650,1680,1.0,1.0,1.0,0.0,0,per_frame_inverse_head_to_world:obs_head_pose,/__modal/volumes/vo-UZL6XRNnGfsFjlpmHH9EJN/episodes/2025-09-20-17-42-51-000000,/__modal/volumes/vo-UZL6XRNnGfsFjlpmHH9EJN/segments/2025-09-20-17-42-51-000000/front_1/000055.mp4,/__modal/volumes/vo-UZL6XRNnGfsFjlpmHH9EJN/episodes/2025-09-20-17-42-51-000000,True,,fold_clothes__1,6.033934224999989,0.9042553191489362,0.75,False,True,facility_location_gain_per_second
2025-09-20-17-42-51-000000,2025-09-20-17-42-51-000000:front_1:000056,fold_clothes,56.0,57.0,1.0,1680,1710,1.0,1.0,1.0,0.0,0,per_frame_inverse_head_to_world:obs_head_pose,/__modal/volumes/vo-UZL6XRNnGfsFjlpmHH9EJN/episodes/2025-09-20-17-42-51-000000,/__modal/volumes/vo-UZL6XRNnGfsFjlpmHH9EJN/segments/2025-09-20-17-42-51-000000/front_1/000056.mp4,/__modal/volumes/vo-UZL6XRNnGfsFjlpmHH9EJN/episodes/2025-09-20-17-42-51-000000,True,,fold_clothes__3,7.550842245802395,0.9627659574468085,0.9095744680851063,False,True,facility_location_gain_per_second
2025-09-20-17-42-51-000000,2025-09-20-17-42-51-000000:front_1:000057,fold_clothes,57.0,58.0,1.0,1710,1740,1.0,1.0,1.0,0.0,0,per_frame_inverse_head_to_world:obs_head_pose,/__modal/volumes/vo-UZL6XRNnGfsFjlpmHH9EJN/episodes/2025-09-20-17-42-51-000000,/__modal/volumes/vo-UZL6XRNnGfsFjlpmHH9EJN/segments/2025-09-20-17-42-51-000000/front_1/000057.mp4,/__modal/volumes/vo-UZL6XRNnGfsFjlpmHH9EJN/episodes/2025-09-20-17-42-51-000000,True,,fold_clothes__5,3.0900374659659438,0.19148936170212766,0.7234042553191489,False,False,
2025-09-20-17-42-51-000000,2025-09-20-17-42-51-000000:front_1:000058,fold_clothes,58.0,59.0,1.0,1740,1770,1.0,1.0,1.0,0.0,0,per_frame_inverse_head_to_world:obs_head_pose,/__modal/volumes/vo-UZL6XRNnGfsFjlpmHH9EJN/episodes/2025-09-20-17-42-51-000000,/__modal/volumes/vo-UZL6XRNnGfsFjlpmHH9EJN/segments/2025-09-20-17-42-51-000000/front_1/000058.mp4,/__modal/volumes/vo-UZL6XRNnGfsFjlpmHH9EJN/episodes/2025-09-20-17-42-51-000000,True,,fold_clothes__1,3.517471544096641,0.3776595744680851,0.75,False,True,facility_location_gain_per_second
2025-09-20-17-42-51-000000,2025-09-20-17-42-51-000000:front_1:000059,fold_clothes,59.0,60.0,1.0,1770,1800,1.0,1.0,1.0,0.0,0,per_frame_inverse_head_to_world:obs_head_pose,/__modal/volumes/vo-UZL6XRNnGfsFjlpmHH9EJN/episodes/2025-09-20-17-42-51-000000,/__modal/volumes/vo-UZL6XRNnGfsFjlpmHH9EJN/segments/2025-09-20-17-42-51-000000/front_1/000059.mp4,/__modal/volumes/vo-UZL6XRNnGfsFjlpmHH9EJN/episodes/2025-09-20-17-42-51-000000,True,,fold_clothes__3,5.294425818103017,0.7978723404255319,0.9095744680851063,False,True,facility_location_gain_per_second
2025-09-20-17-42-51-000000,2025-09-20-17-42-51-000000:front_1:000060,fold_clothes,60.0,61.0,1.0,1800,1830,1.0,1.0,1.0,0.0,0,per_frame_inverse_head_to_world:obs_head_pose,/__modal/volumes/vo-UZL6XRNnGfsFjlpmHH9EJN/episodes/2025-09-20-17-42-51-000000,/__modal/volumes/vo-UZL6XRNnGfsFjlpmHH9EJN/segments/2025-09-20-17-42-51-000000/front_1/000060.mp4,/__modal/volumes/vo-UZL6XRNnGfsFjlpmHH9EJN/episodes/2025-09-20-17-42-51-000000,True,,fold_clothes__0,3.1329034334069656,0.21808510638297873,0.7659574468085106,False,False,
2025-09-20-17-42-51-000000,2025-09-20-17-42-51-000000:front_1:000061,fold_clothes,61.0,62.0,1.0,1830,1860,1.0,1.0,1.0,0.0,0,per_frame_inverse_head_to_world:obs_head_pose,/__modal/volumes/vo-UZL6XRNnGfsFjlpmHH9EJN/episodes/2025-09-20-17-42-51-000000,/__modal/volumes/vo-UZL6XRNnGfsFjlpmHH9EJN/segments/2025-09-20-17-42-51-000000/front_1/000061.mp4,/__modal/volumes/vo-UZL6XRNnGfsFjlpmHH9EJN/episodes/2025-09-20-17-42-51-000000,True,,fold_clothes__1,3.977379970170598,0.5425531914893617,0.75,False,False,
2025-09-20-17-42-51-000000,2025-09-20-17-42-51-000000:front_1:000062,fold_clothes,62.0,63.0,1.0,1860,1890,1.0,1.0,1.0,0.0,0,per_frame_inverse_head_to_world:obs_head_pose,/__modal/volumes/vo-UZL6XRNnGfsFjlpmHH9EJN/episodes/2025-09-20-17-42-51-000000,/__modal/volumes/vo-UZL6XRNnGfsFjlpmHH9EJN/segments/2025-09-20-17-42-51-000000/front_1/000062.mp4,/__modal/volumes/vo-UZL6XRNnGfsFjlpmHH9EJN/episodes/2025-09-20-17-42-51-000000,True,,fold_clothes__2,4.941357180382687,0.7446808510638298,0.9414893617021276,False,True,facility_location_gain_per_second
2025-09-20-17-42-51-000000,2025-09-20-17-42-51-000000:front_1:000063,fold_clothes,63.0,64.0,1.0,1890,1920,1.0,1.0,1.0,0.0,0,per_frame_inverse_head_to_world:obs_head_pose,/__modal/volumes/vo-UZL6XRNnGfsFjlpmHH9EJN/episodes/2025-09-20-17-42-51-000000,/__modal/volumes/vo-UZL6XRNnGfsFjlpmHH9EJN/segments/2025-09-20-17-42-51-000000/front_1/000063.mp4,/__modal/volumes/vo-UZL6XRNnGfsFjlpmHH9EJN/episodes/2025-09-20-17-42-51-000000,True,,fold_clothes__0,2.869236133847024,0.09574468085106383,0.7659574468085106,False,True,facility_location_gain_per_second
2025-09-20-17-42-51-000000,2025-09-20-17-42-51-000000:front_1:000064,fold_clothes,64.0,65.0,1.0,1920,1950,1.0,1.0,1.0,0.0,0,per_frame_inverse_head_to_world:obs_head_pose,/__modal/volumes/vo-UZL6XRNnGfsFjlpmHH9EJN/episodes/2025-09-20-17-42-51-000000,/__modal/volumes/vo-UZL6XRNnGfsFjlpmHH9EJN/segments/2025-09-20-17-42-51-000000/front_1/000064.mp4,/__modal/volumes/vo-UZL6XRNnGfsFjlpmHH9EJN/episodes/2025-09-20-17-42-51-000000,True,,fold_clothes__1,2.921454007705647,0.11170212765957446,0.75,False,False,
2025-09-20-17-42-51-000000,2025-09-20-17-42-51-000000:front_1:000065,fold_clothes,65.0,66.0,1.0,1950,1980,1.0,1.0,1.0,0.0,0,per_frame_inverse_head_to_world:obs_head_pose,/__modal/volumes/vo-UZL6XRNnGfsFjlpmHH9EJN/episodes/2025-09-20-17-42-51-000000,/__modal/volumes/vo-UZL6XRNnGfsFjlpmHH9EJN/segments/2025-09-20-17-42-51-000000/front_1/000065.mp4,/__modal/volumes/vo-UZL6XRNnGfsFjlpmHH9EJN/episodes/2025-09-20-17-42-51-000000,True,,fold_clothes__0,4.9656096535312795,0.7553191489361702,0.7659574468085106,False,True,facility_location_gain_per_second
2025-09-20-17-42-51-000000,2025-09-20-17-42-51-000000:front_1:000066,fold_clothes,66.0,67.0,1.0,1980,2010,1.0,1.0,1.0,0.0,0,per_frame_inverse_head_to_world:obs_head_pose,/__modal/volumes/vo-UZL6XRNnGfsFjlpmHH9EJN/episodes/2025-09-20-17-42-51-000000,/__modal/volumes/vo-UZL6XRNnGfsFjlpmHH9EJN/segments/2025-09-20-17-42-51-000000/front_1/000066.mp4,/__modal/volumes/vo-UZL6XRNnGfsFjlpmHH9EJN/episodes/2025-09-20-17-42-51-000000,True,,fold_clothes__0,3.0163230637245766,0.1595744680851064,0.7659574468085106,False,False,
2025-09-20-17-42-51-000000,2025-09-20-17-42-51-000000:front_1:000067,fold_clothes,67.0,68.0,1.0,2010,2040,1.0,1.0,1.0,0.0,0,per_frame_inverse_head_to_world:obs_head_pose,/__modal/volumes/vo-UZL6XRNnGfsFjlpmHH9EJN/episodes/2025-09-20-17-42-51-000000,/__modal/volumes/vo-UZL6XRNnGfsFjlpmHH9EJN/segments/2025-09-20-17-42-51-000000/front_1/000067.mp4,/__modal/volumes/vo-UZL6XRNnGfsFjlpmHH9EJN/episodes/2025-09-20-17-42-51-000000,True,,fold_clothes__1,3.717356489661048,0.4521276595744681,0.75,False,False,
2025-09-20-17-42-51-000000,2025-09-20-17-42-51-000000:front_1:000068,fold_clothes,68.0,69.0,1.0,2040,2070,1.0,1.0,1.0,0.0,0,per_frame_inverse_head_to_world:obs_head_pose,/__modal/volumes/vo-UZL6XRNnGfsFjlpmHH9EJN/episodes/2025-09-20-17-42-51-000000,/__modal/volumes/vo-UZL6XRNnGfsFjlpmHH9EJN/segments/2025-09-20-17-42-51-000000/front_1/000068.mp4,/__modal/volumes/vo-UZL6XRNnGfsFjlpmHH9EJN/episodes/2025-09-20-17-42-51-000000,True,,fold_clothes__0,5.017218806317315,0.7606382978723404,0.7659574468085106,False,False,
2025-09-20-17-42-51-000000,2025-09-20-17-42-51-000000:front_1:000069,fold_clothes,69.0,70.0,1.0,2070,2100,1.0,1.0,1.0,0.0,0,per_frame_inverse_head_to_world:obs_head_pose,/__modal/volumes/vo-UZL6XRNnGfsFjlpmHH9EJN/episodes/2025-09-20-17-42-51-000000,/__modal/volumes/vo-UZL6XRNnGfsFjlpmHH9EJN/segments/2025-09-20-17-42-51-000000/front_1/000069.mp4,/__modal/volumes/vo-UZL6XRNnGfsFjlpmHH9EJN/episodes/2025-09-20-17-42-51-000000,True,,fold_clothes__0,3.975864229795667,0.5372340425531915,0.7659574468085106,False,False,
2025-09-20-17-42-51-000000,2025-09-20-17-42-51-000000:front_1:000070,fold_clothes,70.0,71.0,1.0,2100,2130,1.0,1.0,1.0,0.0,0,per_frame_inverse_head_to_world:obs_head_pose,/__modal/volumes/vo-UZL6XRNnGfsFjlpmHH9EJN/episodes/2025-09-20-17-42-51-000000,/__modal/volumes/vo-UZL6XRNnGfsFjlpmHH9EJN/segments/2025-09-20-17-42-51-000000/front_1/000070.mp4,/__modal/volumes/vo-UZL6XRNnGfsFjlpmHH9EJN/episodes/2025-09-20-17-42-51-000000,True,,fold_clothes__1,4.222974370770855,0.601063829787234,0.75,False,False,
2025-09-20-17-42-51-000000,2025-09-20-17-42-51-000000:front_1:000071,fold_clothes,71.0,72.0,1.0,2130,2160,1.0,1.0,1.0,0.0,0,per_frame_inverse_head_to_world:obs_head_pose,/__modal/volumes/vo-UZL6XRNnGfsFjlpmHH9EJN/episodes/2025-09-20-17-42-51-000000,/__modal/volumes/vo-UZL6XRNnGfsFjlpmHH9EJN/segments/2025-09-20-17-42-51-000000/front_1/000071.mp4,/__modal/volumes/vo-UZL6XRNnGfsFjlpmHH9EJN/episodes/2025-09-20-17-42-51-000000,True,,fold_clothes__1,4.908588262808695,0.7340425531914894,0.75,False,False,
2025-09-20-17-42-51-000000,2025-09-20-17-42-51-000000:front_1:000072,fold_clothes,72.0,73.0,1.0,2160,2190,1.0,1.0,1.0,0.0,0,per_frame_inverse_head_to_world:obs_head_pose,/__modal/volumes/vo-UZL6XRNnGfsFjlpmHH9EJN/episodes/2025-09-20-17-42-51-000000,/__modal/volumes/vo-UZL6XRNnGfsFjlpmHH9EJN/segments/2025-09-20-17-42-51-000000/front_1/000072.mp4,/__modal/volumes/vo-UZL6XRNnGfsFjlpmHH9EJN/episodes/2025-09-20-17-42-51-000000,True,,fold_clothes__0,3.8584338367261246,0.4946808510638298,0.7659574468085106,False,False,
2025-09-20-17-42-51-000000,2025-09-20-17-42-51-000000:front_1:000073,fold_clothes,73.0,74.0,1.0,2190,2220,1.0,1.0,1.0,0.0,0,per_frame_inverse_head_to_world:obs_head_pose,/__modal/volumes/vo-UZL6XRNnGfsFjlpmHH9EJN/episodes/2025-09-20-17-42-51-000000,/__modal/volumes/vo-UZL6XRNnGfsFjlpmHH9EJN/segments/2025-09-20-17-42-51-000000/front_1/000073.mp4,/__modal/volumes/vo-UZL6XRNnGfsFjlpmHH9EJN/episodes/2025-09-20-17-42-51-000000,True,,fold_clothes__5,2.9240925699204587,0.11702127659574468,0.7234042553191489,False,False,
2025-09-20-17-42-51-000000,2025-09-20-17-42-51-000000:front_1:000074,fold_clothes,74.0,75.0,1.0,2220,2250,1.0,1.0,1.0,0.0,0,per_frame_inverse_head_to_world:obs_head_pose,/__modal/volumes/vo-UZL6XRNnGfsFjlpmHH9EJN/episodes/2025-09-20-17-42-51-000000,/__modal/volumes/vo-UZL6XRNnGfsFjlpmHH9EJN/segments/2025-09-20-17-42-51-000000/front_1/000074.mp4,/__modal/volumes/vo-UZL6XRNnGfsFjlpmHH9EJN/episodes/2025-09-20-17-42-51-000000,True,,fold_clothes__1,3.159627535722199,0.23404255319148937,0.75,False,True,facility_location_gain_per_second
2025-09-20-17-42-51-000000,2025-09-20-17-42-51-000000:front_1:000075,fold_clothes,75.0,76.0,1.0,2250,2280,1.0,1.0,1.0,0.0,0,per_frame_inverse_head_to_world:obs_head_pose,/__modal/volumes/vo-UZL6XRNnGfsFjlpmHH9EJN/episodes/2025-09-20-17-42-51-000000,/__modal/volumes/vo-UZL6XRNnGfsFjlpmHH9EJN/segments/2025-09-20-17-42-51-000000/front_1/000075.mp4,/__modal/volumes/vo-UZL6XRNnGfsFjlpmHH9EJN/episodes/2025-09-20-17-42-51-000000,True,,fold_clothes__4,5.463406679269061,0.8404255319148937,0.9574468085106383,False,False,
2025-09-20-17-42-51-000000,2025-09-20-17-42-51-000000:front_1:000076,fold_clothes,76.0,77.0,1.0,2280,2310,1.0,1.0,1.0,0.0,0,per_frame_inverse_head_to_world:obs_head_pose,/__modal/volumes/vo-UZL6XRNnGfsFjlpmHH9EJN/episodes/2025-09-20-17-42-51-000000,/__modal/volumes/vo-UZL6XRNnGfsFjlpmHH9EJN/segments/2025-09-20-17-42-51-000000/front_1/000076.mp4,/__modal/volumes/vo-UZL6XRNnGfsFjlpmHH9EJN/episodes/2025-09-20-17-42-51-000000,True,,fold_clothes__5,2.8837812255729673,0.10106382978723404,0.7234042553191489,False,False,
2025-09-20-17-42-51-000000,2025-09-20-17-42-51-000000:front_1:000077,fold_clothes,77.0,78.0,1.0,2310,2340,1.0,1.0,1.0,0.0,0,per_frame_inverse_head_to_world:obs_head_pose,/__modal/volumes/vo-UZL6XRNnGfsFjlpmHH9EJN/episodes/2025-09-20-17-42-51-000000,/__modal/volumes/vo-UZL6XRNnGfsFjlpmHH9EJN/segments/2025-09-20-17-42-51-000000/front_1/000077.mp4,/__modal/volumes/vo-UZL6XRNnGfsFjlpmHH9EJN/episodes/2025-09-20-17-42-51-000000,True,,fold_clothes__1,3.938979507089101,0.526595744680851,0.75,False,False,
2025-09-20-17-42-51-000000,2025-09-20-17-42-51-000000:front_1:000078,fold_clothes,78.0,79.0,1.0,2340,2370,1.0,1.0,1.0,0.0,0,per_frame_inverse_head_to_world:obs_head_pose,/__modal/volumes/vo-UZL6XRNnGfsFjlpmHH9EJN/episodes/2025-09-20-17-42-51-000000,/__modal/volumes/vo-UZL6XRNnGfsFjlpmHH9EJN/segments/2025-09-20-17-42-51-000000/front_1/000078.mp4,/__modal/volumes/vo-UZL6XRNnGfsFjlpmHH9EJN/episodes/2025-09-20-17-42-51-000000,True,,fold_clothes__4,5.52952333676167,0.8457446808510638,0.9574468085106383,False,True,facility_location_gain_per_second
2025-09-20-17-42-51-000000,2025-09-20-17-42-51-000000:front_1:000079,fold_clothes,79.0,80.0,1.0,2370,2400,1.0,1.0,1.0,0.0,0,per_frame_inverse_head_to_world:obs_head_pose,/__modal/volumes/vo-UZL6XRNnGfsFjlpmHH9EJN/episodes/2025-09-20-17-42-51-000000,/__modal/volumes/vo-UZL6XRNnGfsFjlpmHH9EJN/segments/2025-09-20-17-42-51-000000/front_1/000079.mp4,/__modal/volumes/vo-UZL6XRNnGfsFjlpmHH9EJN/episodes/2025-09-20-17-42-51-000000,True,,fold_clothes__5,2.662220406005023,0.06914893617021277,0.7234042553191489,False,True,facility_location_gain_per_second
2025-09-20-17-42-51-000000,2025-09-20-17-42-51-000000:front_1:000080,fold_clothes,80.0,81.0,1.0,2400,2430,1.0,1.0,1.0,0.0,0,per_frame_inverse_head_to_world:obs_head_pose,/__modal/volumes/vo-UZL6XRNnGfsFjlpmHH9EJN/episodes/2025-09-20-17-42-51-000000,/__modal/volumes/vo-UZL6XRNnGfsFjlpmHH9EJN/segments/2025-09-20-17-42-51-000000/front_1/000080.mp4,/__modal/volumes/vo-UZL6XRNnGfsFjlpmHH9EJN/episodes/2025-09-20-17-42-51-000000,True,,fold_clothes__1,3.4843262568580244,0.3670212765957447,0.75,False,False,
2025-09-20-17-42-51-000000,2025-09-20-17-42-51-000000:front_1:000081,fold_clothes,81.0,82.0,1.0,2430,2460,1.0,1.0,1.0,0.0,0,per_frame_inverse_head_to_world:obs_head_pose,/__modal/volumes/vo-UZL6XRNnGfsFjlpmHH9EJN/episodes/2025-09-20-17-42-51-000000,/__modal/volumes/vo-UZL6XRNnGfsFjlpmHH9EJN/segments/2025-09-20-17-42-51-000000/front_1/000081.mp4,/__modal/volumes/vo-UZL6XRNnGfsFjlpmHH9EJN/episodes/2025-09-20-17-42-51-000000,True,,fold_clothes__4,4.831680209088018,0.7127659574468085,0.9574468085106383,False,False,
2025-09-20-17-42-51-000000,2025-09-20-17-42-51-000000:front_1:000082,fold_clothes,82.0,83.0,1.0,2460,2490,1.0,1.0,1.0,0.0,0,per_frame_inverse_head_to_world:obs_head_pose,/__modal/volumes/vo-UZL6XRNnGfsFjlpmHH9EJN/episodes/2025-09-20-17-42-51-000000,/__modal/volumes/vo-UZL6XRNnGfsFjlpmHH9EJN/segments/2025-09-20-17-42-51-000000/front_1/000082.mp4,/__modal/volumes/vo-UZL6XRNnGfsFjlpmHH9EJN/episodes/2025-09-20-17-42-51-000000,True,,fold_clothes__5,3.8463706565801465,0.48936170212765956,0.7234042553191489,False,False,
2025-09-20-17-42-51-000000,2025-09-20-17-42-51-000000:front_1:000083,fold_clothes,83.0,84.0,1.0,2490,2520,1.0,1.0,1.0,0.0,0,per_frame_inverse_head_to_world:obs_head_pose,/__modal/volumes/vo-UZL6XRNnGfsFjlpmHH9EJN/episodes/2025-09-20-17-42-51-000000,/__modal/volumes/vo-UZL6XRNnGfsFjlpmHH9EJN/segments/2025-09-20-17-42-51-000000/front_1/000083.mp4,/__modal/volumes/vo-UZL6XRNnGfsFjlpmHH9EJN/episodes/2025-09-20-17-42-51-000000,True,,fold_clothes__1,3.8746922962519923,0.5,0.75,False,False,
2025-09-20-17-42-51-000000,2025-09-20-17-42-51-000000:front_1:000084,fold_clothes,84.0,85.0,1.0,2520,2550,1.0,1.0,1.0,0.0,0,per_frame_inverse_head_to_world:obs_head_pose,/__modal/volumes/vo-UZL6XRNnGfsFjlpmHH9EJN/episodes/2025-09-20-17-42-51-000000,/__modal/volumes/vo-UZL6XRNnGfsFjlpmHH9EJN/segments/2025-09-20-17-42-51-000000/front_1/000084.mp4,/__modal/volumes/vo-UZL6XRNnGfsFjlpmHH9EJN/episodes/2025-09-20-17-42-51-000000,True,,fold_clothes__4,5.7297434336510715,0.8776595744680851,0.9574468085106383,False,False,
2025-09-20-17-42-51-000000,2025-09-20-17-42-51-000000:front_1:000085,fold_clothes,85.0,86.0,1.0,2550,2580,1.0,1.0,1.0,0.0,0,per_frame_inverse_head_to_world:obs_head_pose,/__modal/volumes/vo-UZL6XRNnGfsFjlpmHH9EJN/episodes/2025-09-20-17-42-51-000000,/__modal/volumes/vo-UZL6XRNnGfsFjlpmHH9EJN/segments/2025-09-20-17-42-51-000000/front_1/000085.mp4,/__modal/volumes/vo-UZL6XRNnGfsFjlpmHH9EJN/episodes/2025-09-20-17-42-51-000000,True,,fold_clothes__0,3.6007744042258283,0.39893617021276595,0.7659574468085106,False,False,
2025-09-20-17-42-51-000000,2025-09-20-17-42-51-000000:front_1:000086,fold_clothes,86.0,87.0,1.0,2580,2610,1.0,1.0,1.0,0.0,0,per_frame_inverse_head_to_world:obs_head_pose,/__modal/volumes/vo-UZL6XRNnGfsFjlpmHH9EJN/episodes/2025-09-20-17-42-51-000000,/__modal/volumes/vo-UZL6XRNnGfsFjlpmHH9EJN/segments/2025-09-20-17-42-51-000000/front_1/000086.mp4,/__modal/volumes/vo-UZL6XRNnGfsFjlpmHH9EJN/episodes/2025-09-20-17-42-51-000000,True,,fold_clothes__1,3.4855809937928823,0.3723404255319149,0.75,False,True,facility_location_gain_per_second
2025-09-20-17-42-51-000000,2025-09-20-17-42-51-000000:front_1:000087,fold_clothes,87.0,88.0,1.0,2610,2640,1.0,1.0,1.0,0.0,0,per_frame_inverse_head_to_world:obs_head_pose,/__modal/volumes/vo-UZL6XRNnGfsFjlpmHH9EJN/episodes/2025-09-20-17-42-51-000000,/__modal/volumes/vo-UZL6XRNnGfsFjlpmHH9EJN/segments/2025-09-20-17-42-51-000000/front_1/000087.mp4,/__modal/volumes/vo-UZL6XRNnGfsFjlpmHH9EJN/episodes/2025-09-20-17-42-51-000000,True,,fold_clothes__2,5.309930780586077,0.8031914893617021,0.9414893617021276,False,True,facility_location_gain_per_second
2025-09-20-17-42-51-000000,2025-09-20-17-42-51-000000:front_1:000088,fold_clothes,88.0,89.0,1.0,2640,2670,1.0,1.0,1.0,0.0,0,per_frame_inverse_head_to_world:obs_head_pose,/__modal/volumes/vo-UZL6XRNnGfsFjlpmHH9EJN/episodes/2025-09-20-17-42-51-000000,/__modal/volumes/vo-UZL6XRNnGfsFjlpmHH9EJN/segments/2025-09-20-17-42-51-000000/front_1/000088.mp4,/__modal/volumes/vo-UZL6XRNnGfsFjlpmHH9EJN/episodes/2025-09-20-17-42-51-000000,True,,fold_clothes__0,3.2165111590257944,0.25,0.7659574468085106,False,False,
2025-09-20-17-42-51-000000,2025-09-20-17-42-51-000000:front_1:000089,fold_clothes,89.0,90.0,1.0,2670,2700,1.0,1.0,1.0,0.0,0,per_frame_inverse_head_to_world:obs_head_pose,/__modal/volumes/vo-UZL6XRNnGfsFjlpmHH9EJN/episodes/2025-09-20-17-42-51-000000,/__modal/volumes/vo-UZL6XRNnGfsFjlpmHH9EJN/segments/2025-09-20-17-42-51-000000/front_1/000089.mp4,/__modal/volumes/vo-UZL6XRNnGfsFjlpmHH9EJN/episodes/2025-09-20-17-42-51-000000,True,,fold_clothes__1,3.3822851879685443,0.30851063829787234,0.75,False,True,facility_location_gain_per_second
2025-09-20-17-42-51-000000,2025-09-20-17-42-51-000000:front_1:000090,fold_clothes,90.0,91.0,1.0,2700,2730,1.0,1.0,1.0,0.0,0,per_frame_inverse_head_to_world:obs_head_pose,/__modal/volumes/vo-UZL6XRNnGfsFjlpmHH9EJN/episodes/2025-09-20-17-42-51-000000,/__modal/volumes/vo-UZL6XRNnGfsFjlpmHH9EJN/segments/2025-09-20-17-42-51-000000/front_1/000090.mp4,/__modal/volumes/vo-UZL6XRNnGfsFjlpmHH9EJN/episodes/2025-09-20-17-42-51-000000,True,,fold_clothes__0,5.032297005856197,0.776595744680851,0.7659574468085106,False,False,
2025-09-20-17-42-51-000000,2025-09-20-17-42-51-000000:front_1:000091,fold_clothes,91.0,92.0,1.0,2730,2760,1.0,1.0,1.0,0.0,0,per_frame_inverse_head_to_world:obs_head_pose,/__modal/volumes/vo-UZL6XRNnGfsFjlpmHH9EJN/episodes/2025-09-20-17-42-51-000000,/__modal/volumes/vo-UZL6XRNnGfsFjlpmHH9EJN/segments/2025-09-20-17-42-51-000000/front_1/000091.mp4,/__modal/volumes/vo-UZL6XRNnGfsFjlpmHH9EJN/episodes/2025-09-20-17-42-51-000000,True,,fold_clothes__0,2.988076036110603,0.13297872340425532,0.7659574468085106,False,False,
2025-09-20-17-42-51-000000,2025-09-20-17-42-51-000000:front_1:000092,fold_clothes,92.0,93.0,1.0,2760,2790,1.0,1.0,1.0,0.0,0,per_frame_inverse_head_to_world:obs_head_pose,/__modal/volumes/vo-UZL6XRNnGfsFjlpmHH9EJN/episodes/2025-09-20-17-42-51-000000,/__modal/volumes/vo-UZL6XRNnGfsFjlpmHH9EJN/segments/2025-09-20-17-42-51-000000/front_1/000092.mp4,/__modal/volumes/vo-UZL6XRNnGfsFjlpmHH9EJN/episodes/2025-09-20-17-42-51-000000,True,,fold_clothes__1,3.7090671850564947,0.44680851063829785,0.75,False,False,
2025-09-20-17-42-51-000000,2025-09-20-17-42-51-000000:front_1:000093,fold_clothes,93.0,93.6,0.6,2790,2808,1.0,1.0,1.0,0.0,0,per_frame_inverse_head_to_world:obs_head_pose,/__modal/volumes/vo-UZL6XRNnGfsFjlpmHH9EJN/episodes/2025-09-20-17-42-51-000000,/__modal/volumes/vo-UZL6XRNnGfsFjlpmHH9EJN/segments/2025-09-20-17-42-51-000000/front_1/000093.mp4,/__modal/volumes/vo-UZL6XRNnGfsFjlpmHH9EJN/episodes/2025-09-20-17-42-51-000000,True,,fold_clothes__6,13.278755412258821,0.9946808510638298,0.9521276595744681,False,True,facility_location_gain_per_second
2025-09-20-17-47-54-000000,2025-09-20-17-47-54-000000:front_1:000000,fold_clothes,0.0,1.0,1.0,0,30,1.0,1.0,1.0,0.0,0,per_frame_inverse_head_to_world:obs_head_pose,/__modal/volumes/vo-UZL6XRNnGfsFjlpmHH9EJN/episodes/2025-09-20-17-47-54-000000,/__modal/volumes/vo-UZL6XRNnGfsFjlpmHH9EJN/segments/2025-09-20-17-47-54-000000/front_1/000000.mp4,/__modal/volumes/vo-UZL6XRNnGfsFjlpmHH9EJN/episodes/2025-09-20-17-47-54-000000,True,,fold_clothes__0,2.5803618913174766,0.0425531914893617,0.7659574468085106,False,False,
2025-09-20-17-47-54-000000,2025-09-20-17-47-54-000000:front_1:000001,fold_clothes,1.0,2.0,1.0,30,60,1.0,1.0,1.0,0.0,0,per_frame_inverse_head_to_world:obs_head_pose,/__modal/volumes/vo-UZL6XRNnGfsFjlpmHH9EJN/episodes/2025-09-20-17-47-54-000000,/__modal/volumes/vo-UZL6XRNnGfsFjlpmHH9EJN/segments/2025-09-20-17-47-54-000000/front_1/000001.mp4,/__modal/volumes/vo-UZL6XRNnGfsFjlpmHH9EJN/episodes/2025-09-20-17-47-54-000000,True,,fold_clothes__0,2.31368900146317,0.02127659574468085,0.7659574468085106,False,False,
2025-09-20-17-47-54-000000,2025-09-20-17-47-54-000000:front_1:000002,fold_clothes,2.0,3.0,1.0,60,90,1.0,1.0,1.0,0.0,0,per_frame_inverse_head_to_world:obs_head_pose,/__modal/volumes/vo-UZL6XRNnGfsFjlpmHH9EJN/episodes/2025-09-20-17-47-54-000000,/__modal/volumes/vo-UZL6XRNnGfsFjlpmHH9EJN/segments/2025-09-20-17-47-54-000000/front_1/000002.mp4,/__modal/volumes/vo-UZL6XRNnGfsFjlpmHH9EJN/episodes/2025-09-20-17-47-54-000000,True,,fold_clothes__0,2.3088706007953883,0.015957446808510637,0.7659574468085106,False,True,facility_location_gain_per_second
2025-09-20-17-47-54-000000,2025-09-20-17-47-54-000000:front_1:000003,fold_clothes,3.0,4.0,1.0,90,120,1.0,1.0,1.0,0.0,0,per_frame_inverse_head_to_world:obs_head_pose,/__modal/volumes/vo-UZL6XRNnGfsFjlpmHH9EJN/episodes/2025-09-20-17-47-54-000000,/__modal/volumes/vo-UZL6XRNnGfsFjlpmHH9EJN/segments/2025-09-20-17-47-54-000000/front_1/000003.mp4,/__modal/volumes/vo-UZL6XRNnGfsFjlpmHH9EJN/episodes/2025-09-20-17-47-54-000000,True,,fold_clothes__3,3.263083419873079,0.2712765957446808,0.9095744680851063,False,True,facility_location_gain_per_second
2025-09-20-17-47-54-000000,2025-09-20-17-47-54-000000:front_1:000004,fold_clothes,4.0,5.0,1.0,120,150,1.0,1.0,1.0,0.0,0,per_frame_inverse_head_to_world:obs_head_pose,/__modal/volumes/vo-UZL6XRNnGfsFjlpmHH9EJN/episodes/2025-09-20-17-47-54-000000,/__modal/volumes/vo-UZL6XRNnGfsFjlpmHH9EJN/segments/2025-09-20-17-47-54-000000/front_1/000004.mp4,/__modal/volumes/vo-UZL6XRNnGfsFjlpmHH9EJN/episodes/2025-09-20-17-47-54-000000,True,,fold_clothes__5,2.2661464186382334,0.010638297872340425,0.7234042553191489,False,False,
2025-09-20-17-47-54-000000,2025-09-20-17-47-54-000000:front_1:000005,fold_clothes,5.0,6.0,1.0,150,180,1.0,1.0,1.0,0.0,0,per_frame_inverse_head_to_world:obs_head_pose,/__modal/volumes/vo-UZL6XRNnGfsFjlpmHH9EJN/episodes/2025-09-20-17-47-54-000000,/__modal/volumes/vo-UZL6XRNnGfsFjlpmHH9EJN/segments/2025-09-20-17-47-54-000000/front_1/000005.mp4,/__modal/volumes/vo-UZL6XRNnGfsFjlpmHH9EJN/episodes/2025-09-20-17-47-54-000000,True,,fold_clothes__5,2.591852238215303,0.047872340425531915,0.7234042553191489,False,True,facility_location_gain_per_second
2025-09-20-17-47-54-000000,2025-09-20-17-47-54-000000:front_1:000006,fold_clothes,6.0,7.0,1.0,180,210,1.0,1.0,1.0,0.0,0,per_frame_inverse_head_to_world:obs_head_pose,/__modal/volumes/vo-UZL6XRNnGfsFjlpmHH9EJN/episodes/2025-09-20-17-47-54-000000,/__modal/volumes/vo-UZL6XRNnGfsFjlpmHH9EJN/segments/2025-09-20-17-47-54-000000/front_1/000006.mp4,/__modal/volumes/vo-UZL6XRNnGfsFjlpmHH9EJN/episodes/2025-09-20-17-47-54-000000,True,,fold_clothes__1,3.2217967480743708,0.2553191489361702,0.75,False,False,
2025-09-20-17-47-54-000000,2025-09-20-17-47-54-000000:front_1:000007,fold_clothes,7.0,8.0,1.0,210,240,1.0,1.0,1.0,0.0,0,per_frame_inverse_head_to_world:obs_head_pose,/__modal/volumes/vo-UZL6XRNnGfsFjlpmHH9EJN/episodes/2025-09-20-17-47-54-000000,/__modal/volumes/vo-UZL6XRNnGfsFjlpmHH9EJN/segments/2025-09-20-17-47-54-000000/front_1/000007.mp4,/__modal/volumes/vo-UZL6XRNnGfsFjlpmHH9EJN/episodes/2025-09-20-17-47-54-000000,True,,fold_clothes__5,4.414451347547268,0.6436170212765957,0.7234042553191489,False,True,facility_location_gain_per_second
2025-09-20-17-47-54-000000,2025-09-20-17-47-54-000000:front_1:000008,fold_clothes,8.0,9.0,1.0,240,270,1.0,1.0,1.0,0.0,0,per_frame_inverse_head_to_world:obs_head_pose,/__modal/volumes/vo-UZL6XRNnGfsFjlpmHH9EJN/episodes/2025-09-20-17-47-54-000000,/__modal/volumes/vo-UZL6XRNnGfsFjlpmHH9EJN/segments/2025-09-20-17-47-54-000000/front_1/000008.mp4,/__modal/volumes/vo-UZL6XRNnGfsFjlpmHH9EJN/episodes/2025-09-20-17-47-54-000000,True,,fold_clothes__5,12.193958386405239,0.9840425531914894,0.7234042553191489,False,True,facility_location_gain_per_second
2025-09-20-17-47-54-000000,2025-09-20-17-47-54-000000:front_1:000009,fold_clothes,9.0,10.0,1.0,270,300,1.0,1.0,1.0,0.0,0,per_frame_inverse_head_to_world:obs_head_pose,/__modal/volumes/vo-UZL6XRNnGfsFjlpmHH9EJN/episodes/2025-09-20-17-47-54-000000,/__modal/volumes/vo-UZL6XRNnGfsFjlpmHH9EJN/segments/2025-09-20-17-47-54-000000/front_1/000009.mp4,/__modal/volumes/vo-UZL6XRNnGfsFjlpmHH9EJN/episodes/2025-09-20-17-47-54-000000,True,,fold_clothes__0,12.447579590442128,0.9893617021276596,0.7659574468085106,False,True,facility_location_gain_per_second
2025-09-20-17-47-54-000000,2025-09-20-17-47-54-000000:front_1:000010,fold_clothes,10.0,11.0,1.0,300,330,1.0,1.0,1.0,0.0,0,per_frame_inverse_head_to_world:obs_head_pose,/__modal/volumes/vo-UZL6XRNnGfsFjlpmHH9EJN/episodes/2025-09-20-17-47-54-000000,/__modal/volumes/vo-UZL6XRNnGfsFjlpmHH9EJN/segments/2025-09-20-17-47-54-000000/front_1/000010.mp4,/__modal/volumes/vo-UZL6XRNnGfsFjlpmHH9EJN/episodes/2025-09-20-17-47-54-000000,True,,fold_clothes__5,5.430711196349565,0.8297872340425532,0.7234042553191489,False,True,facility_location_gain_per_second
2025-09-20-17-47-54-000000,2025-09-20-17-47-54-000000:front_1:000011,fold_clothes,11.0,12.0,1.0,330,360,1.0,1.0,1.0,0.0,0,per_frame_inverse_head_to_world:obs_head_pose,/__modal/volumes/vo-UZL6XRNnGfsFjlpmHH9EJN/episodes/2025-09-20-17-47-54-000000,/__modal/volumes/vo-UZL6XRNnGfsFjlpmHH9EJN/segments/2025-09-20-17-47-54-000000/front_1/000011.mp4,/__modal/volumes/vo-UZL6XRNnGfsFjlpmHH9EJN/episodes/2025-09-20-17-47-54-000000,True,,fold_clothes__5,2.4354472284524653,0.031914893617021274,0.7234042553191489,False,False,
2025-09-20-17-47-54-000000,2025-09-20-17-47-54-000000:front_1:000012,fold_clothes,12.0,13.0,1.0,360,390,1.0,1.0,1.0,0.0,0,per_frame_inverse_head_to_world:obs_head_pose,/__modal/volumes/vo-UZL6XRNnGfsFjlpmHH9EJN/episodes/2025-09-20-17-47-54-000000,/__modal/volumes/vo-UZL6XRNnGfsFjlpmHH9EJN/segments/2025-09-20-17-47-54-000000/front_1/000012.mp4,/__modal/volumes/vo-UZL6XRNnGfsFjlpmHH9EJN/episodes/2025-09-20-17-47-54-000000,True,,fold_clothes__5,3.055500508941031,0.1702127659574468,0.7234042553191489,False,False,
2025-09-20-17-47-54-000000,2025-09-20-17-47-54-000000:front_1:000013,fold_clothes,13.0,14.0,1.0,390,420,1.0,1.0,1.0,0.0,0,per_frame_inverse_head_to_world:obs_head_pose,/__modal/volumes/vo-UZL6XRNnGfsFjlpmHH9EJN/episodes/2025-09-20-17-47-54-000000,/__modal/volumes/vo-UZL6XRNnGfsFjlpmHH9EJN/segments/2025-09-20-17-47-54-000000/front_1/000013.mp4,/__modal/volumes/vo-UZL6XRNnGfsFjlpmHH9EJN/episodes/2025-09-20-17-47-54-000000,True,,fold_clothes__1,2.941937840633256,0.12234042553191489,0.75,False,False,
2025-09-20-17-47-54-000000,2025-09-20-17-47-54-000000:front_1:000014,fold_clothes,14.0,15.0,1.0,420,450,1.0,1.0,1.0,0.0,0,per_frame_inverse_head_to_world:obs_head_pose,/__modal/volumes/vo-UZL6XRNnGfsFjlpmHH9EJN/episodes/2025-09-20-17-47-54-000000,/__modal/volumes/vo-UZL6XRNnGfsFjlpmHH9EJN/segments/2025-09-20-17-47-54-000000/front_1/000014.mp4,/__modal/volumes/vo-UZL6XRNnGfsFjlpmHH9EJN/episodes/2025-09-20-17-47-54-000000,True,,fold_clothes__5,3.7489475906008756,0.46808510638297873,0.7234042553191489,False,False,
2025-09-20-17-47-54-000000,2025-09-20-17-47-54-000000:front_1:000015,fold_clothes,15.0,16.0,1.0,450,480,1.0,1.0,1.0,0.0,0,per_frame_inverse_head_to_world:obs_head_pose,/__modal/volumes/vo-UZL6XRNnGfsFjlpmHH9EJN/episodes/2025-09-20-17-47-54-000000,/__modal/volumes/vo-UZL6XRNnGfsFjlpmHH9EJN/segments/2025-09-20-17-47-54-000000/front_1/000015.mp4,/__modal/volumes/vo-UZL6XRNnGfsFjlpmHH9EJN/episodes/2025-09-20-17-47-54-000000,True,,fold_clothes__2,5.325186984688717,0.8085106382978723,0.9414893617021276,False,False,
2025-09-20-17-47-54-000000,2025-09-20-17-47-54-000000:front_1:000016,fold_clothes,16.0,17.0,1.0,480,510,1.0,1.0,1.0,0.0,0,per_frame_inverse_head_to_world:obs_head_pose,/__modal/volumes/vo-UZL6XRNnGfsFjlpmHH9EJN/episodes/2025-09-20-17-47-54-000000,/__modal/volumes/vo-UZL6XRNnGfsFjlpmHH9EJN/segments/2025-09-20-17-47-54-000000/front_1/000016.mp4,/__modal/volumes/vo-UZL6XRNnGfsFjlpmHH9EJN/episodes/2025-09-20-17-47-54-000000,True,,fold_clothes__0,4.411537483451395,0.6382978723404256,0.7659574468085106,False,True,facility_location_gain_per_second
2025-09-20-17-47-54-000000,2025-09-20-17-47-54-000000:front_1:000017,fold_clothes,17.0,18.0,1.0,510,540,1.0,1.0,1.0,0.0,0,per_frame_inverse_head_to_world:obs_head_pose,/__modal/volumes/vo-UZL6XRNnGfsFjlpmHH9EJN/episodes/2025-09-20-17-47-54-000000,/__modal/volumes/vo-UZL6XRNnGfsFjlpmHH9EJN/segments/2025-09-20-17-47-54-000000/front_1/000017.mp4,/__modal/volumes/vo-UZL6XRNnGfsFjlpmHH9EJN/episodes/2025-09-20-17-47-54-000000,True,,fold_clothes__5,3.389570098491896,0.3191489361702128,0.7234042553191489,False,False,
2025-09-20-17-47-54-000000,2025-09-20-17-47-54-000000:front_1:000018,fold_clothes,18.0,19.0,1.0,540,570,1.0,1.0,1.0,0.0,0,per_frame_inverse_head_to_world:obs_head_pose,/__modal/volumes/vo-UZL6XRNnGfsFjlpmHH9EJN/episodes/2025-09-20-17-47-54-000000,/__modal/volumes/vo-UZL6XRNnGfsFjlpmHH9EJN/segments/2025-09-20-17-47-54-000000/front_1/000018.mp4,/__modal/volumes/vo-UZL6XRNnGfsFjlpmHH9EJN/episodes/2025-09-20-17-47-54-000000,True,,fold_clothes__5,4.294019001113513,0.6170212765957447,0.7234042553191489,False,False,
2025-09-20-17-47-54-000000,2025-09-20-17-47-54-000000:front_1:000019,fold_clothes,19.0,20.0,1.0,570,600,1.0,1.0,1.0,0.0,0,per_frame_inverse_head_to_world:obs_head_pose,/__modal/volumes/vo-UZL6XRNnGfsFjlpmHH9EJN/episodes/2025-09-20-17-47-54-000000,/__modal/volumes/vo-UZL6XRNnGfsFjlpmHH9EJN/segments/2025-09-20-17-47-54-000000/front_1/000019.mp4,/__modal/volumes/vo-UZL6XRNnGfsFjlpmHH9EJN/episodes/2025-09-20-17-47-54-000000,True,,fold_clothes__1,4.824119084480643,0.7021276595744681,0.75,False,False,
2025-09-20-17-47-54-000000,2025-09-20-17-47-54-000000:front_1:000020,fold_clothes,20.0,21.0,1.0,600,630,1.0,1.0,1.0,0.0,0,per_frame_inverse_head_to_world:obs_head_pose,/__modal/volumes/vo-UZL6XRNnGfsFjlpmHH9EJN/episodes/2025-09-20-17-47-54-000000,/__modal/volumes/vo-UZL6XRNnGfsFjlpmHH9EJN/segments/2025-09-20-17-47-54-000000/front_1/000020.mp4,/__modal/volumes/vo-UZL6XRNnGfsFjlpmHH9EJN/episodes/2025-09-20-17-47-54-000000,True,,fold_clothes__6,5.3804296333129615,0.8191489361702128,0.9521276595744681,False,False,
2025-09-20-17-47-54-000000,2025-09-20-17-47-54-000000:front_1:000021,fold_clothes,21.0,22.0,1.0,630,660,1.0,1.0,1.0,0.0,0,per_frame_inverse_head_to_world:obs_head_pose,/__modal/volumes/vo-UZL6XRNnGfsFjlpmHH9EJN/episodes/2025-09-20-17-47-54-000000,/__modal/volumes/vo-UZL6XRNnGfsFjlpmHH9EJN/segments/2025-09-20-17-47-54-000000/front_1/000021.mp4,/__modal/volumes/vo-UZL6XRNnGfsFjlpmHH9EJN/episodes/2025-09-20-17-47-54-000000,True,,fold_clothes__3,3.9257326141116557,0.5159574468085106,0.9095744680851063,False,False,
2025-09-20-17-47-54-000000,2025-09-20-17-47-54-000000:front_1:000022,fold_clothes,22.0,23.0,1.0,660,690,1.0,1.0,1.0,0.0,0,per_frame_inverse_head_to_world:obs_head_pose,/__modal/volumes/vo-UZL6XRNnGfsFjlpmHH9EJN/episodes/2025-09-20-17-47-54-000000,/__modal/volumes/vo-UZL6XRNnGfsFjlpmHH9EJN/segments/2025-09-20-17-47-54-000000/front_1/000022.mp4,/__modal/volumes/vo-UZL6XRNnGfsFjlpmHH9EJN/episodes/2025-09-20-17-47-54-000000,True,,fold_clothes__0,3.525145986319327,0.3882978723404255,0.7659574468085106,False,False,
2025-09-20-17-47-54-000000,2025-09-20-17-47-54-000000:front_1:000023,fold_clothes,23.0,24.0,1.0,690,720,1.0,1.0,1.0,0.0,0,per_frame_inverse_head_to_world:obs_head_pose,/__modal/volumes/vo-UZL6XRNnGfsFjlpmHH9EJN/episodes/2025-09-20-17-47-54-000000,/__modal/volumes/vo-UZL6XRNnGfsFjlpmHH9EJN/segments/2025-09-20-17-47-54-000000/front_1/000023.mp4,/__modal/volumes/vo-UZL6XRNnGfsFjlpmHH9EJN/episodes/2025-09-20-17-47-54-000000,True,,fold_clothes__5,2.3139049347836966,0.026595744680851064,0.7234042553191489,False,False,
2025-09-20-17-47-54-000000,2025-09-20-17-47-54-000000:front_1:000024,fold_clothes,24.0,25.0,1.0,720,750,1.0,1.0,1.0,0.0,0,per_frame_inverse_head_to_world:obs_head_pose,/__modal/volumes/vo-UZL6XRNnGfsFjlpmHH9EJN/episodes/2025-09-20-17-47-54-000000,/__modal/volumes/vo-UZL6XRNnGfsFjlpmHH9EJN/segments/2025-09-20-17-47-54-000000/front_1/000024.mp4,/__modal/volumes/vo-UZL6XRNnGfsFjlpmHH9EJN/episodes/2025-09-20-17-47-54-000000,True,,fold_clothes__1,2.917798946571714,0.10638297872340426,0.75,False,True,facility_location_gain_per_second
2025-09-20-17-47-54-000000,2025-09-20-17-47-54-000000:front_1:000025,fold_clothes,25.0,26.0,1.0,750,780,1.0,1.0,1.0,0.0,0,per_frame_inverse_head_to_world:obs_head_pose,/__modal/volumes/vo-UZL6XRNnGfsFjlpmHH9EJN/episodes/2025-09-20-17-47-54-000000,/__modal/volumes/vo-UZL6XRNnGfsFjlpmHH9EJN/segments/2025-09-20-17-47-54-000000/front_1/000025.mp4,/__modal/volumes/vo-UZL6XRNnGfsFjlpmHH9EJN/episodes/2025-09-20-17-47-54-000000,True,,fold_clothes__5,3.6737898252972485,0.425531914893617,0.7234042553191489,False,False,
2025-09-20-17-47-54-000000,2025-09-20-17-47-54-000000:front_1:000026,fold_clothes,26.0,27.0,1.0,780,810,1.0,1.0,1.0,0.0,0,per_frame_inverse_head_to_world:obs_head_pose,/__modal/volumes/vo-UZL6XRNnGfsFjlpmHH9EJN/episodes/2025-09-20-17-47-54-000000,/__modal/volumes/vo-UZL6XRNnGfsFjlpmHH9EJN/segments/2025-09-20-17-47-54-000000/front_1/000026.mp4,/__modal/volumes/vo-UZL6XRNnGfsFjlpmHH9EJN/episodes/2025-09-20-17-47-54-000000,True,,fold_clothes__0,10.185431057953927,0.9787234042553191,0.7659574468085106,False,True,facility_location_gain_per_second
2025-09-20-17-47-54-000000,2025-09-20-17-47-54-000000:front_1:000027,fold_clothes,27.0,28.0,1.0,810,840,1.0,1.0,1.0,0.0,0,per_frame_inverse_head_to_world:obs_head_pose,/__modal/volumes/vo-UZL6XRNnGfsFjlpmHH9EJN/episodes/2025-09-20-17-47-54-000000,/__modal/volumes/vo-UZL6XRNnGfsFjlpmHH9EJN/segments/2025-09-20-17-47-54-000000/front_1/000027.mp4,/__modal/volumes/vo-UZL6XRNnGfsFjlpmHH9EJN/episodes/2025-09-20-17-47-54-000000,True,,fold_clothes__3,3.45155568069735,0.35106382978723405,0.9095744680851063,False,False,
2025-09-20-17-47-54-000000,2025-09-20-17-47-54-000000:front_1:000028,fold_clothes,28.0,29.0,1.0,840,870,1.0,1.0,1.0,0.0,0,per_frame_inverse_head_to_world:obs_head_pose,/__modal/volumes/vo-UZL6XRNnGfsFjlpmHH9EJN/episodes/2025-09-20-17-47-54-000000,/__modal/volumes/vo-UZL6XRNnGfsFjlpmHH9EJN/segments/2025-09-20-17-47-54-000000/front_1/000028.mp4,/__modal/volumes/vo-UZL6XRNnGfsFjlpmHH9EJN/episodes/2025-09-20-17-47-54-000000,True,,fold_clothes__5,2.8471984066957026,0.09042553191489362,0.7234042553191489,False,False,
2025-09-20-17-47-54-000000,2025-09-20-17-47-54-000000:front_1:000029,fold_clothes,29.0,30.0,1.0,870,900,1.0,1.0,1.0,0.0,0,per_frame_inverse_head_to_world:obs_head_pose,/__modal/volumes/vo-UZL6XRNnGfsFjlpmHH9EJN/episodes/2025-09-20-17-47-54-000000,/__modal/volumes/vo-UZL6XRNnGfsFjlpmHH9EJN/segments/2025-09-20-17-47-54-000000/front_1/000029.mp4,/__modal/volumes/vo-UZL6XRNnGfsFjlpmHH9EJN/episodes/2025-09-20-17-47-54-000000,True,,fold_clothes__5,2.6380274589262975,0.06382978723404255,0.7234042553191489,False,False,
2025-09-20-17-47-54-000000,2025-09-20-17-47-54-000000:front_1:000030,fold_clothes,30.0,31.0,1.0,900,930,1.0,1.0,1.0,0.0,0,per_frame_inverse_head_to_world:obs_head_pose,/__modal/volumes/vo-UZL6XRNnGfsFjlpmHH9EJN/episodes/2025-09-20-17-47-54-000000,/__modal/volumes/vo-UZL6XRNnGfsFjlpmHH9EJN/segments/2025-09-20-17-47-54-000000/front_1/000030.mp4,/__modal/volumes/vo-UZL6XRNnGfsFjlpmHH9EJN/episodes/2025-09-20-17-47-54-000000,True,,fold_clothes__1,3.9300710889550543,0.5212765957446809,0.75,False,True,facility_location_gain_per_second
2025-09-20-17-47-54-000000,2025-09-20-17-47-54-000000:front_1:000031,fold_clothes,31.0,32.0,1.0,930,960,1.0,1.0,1.0,0.0,0,per_frame_inverse_head_to_world:obs_head_pose,/__modal/volumes/vo-UZL6XRNnGfsFjlpmHH9EJN/episodes/2025-09-20-17-47-54-000000,/__modal/volumes/vo-UZL6XRNnGfsFjlpmHH9EJN/segments/2025-09-20-17-47-54-000000/front_1/000031.mp4,/__modal/volumes/vo-UZL6XRNnGfsFjlpmHH9EJN/episodes/2025-09-20-17-47-54-000000,True,,fold_clothes__6,4.327200458212248,0.6276595744680851,0.9521276595744681,False,False,
2025-09-20-17-47-54-000000,2025-09-20-17-47-54-000000:front_1:000032,fold_clothes,32.0,33.0,1.0,960,990,1.0,1.0,1.0,0.0,0,per_frame_inverse_head_to_world:obs_head_pose,/__modal/volumes/vo-UZL6XRNnGfsFjlpmHH9EJN/episodes/2025-09-20-17-47-54-000000,/__modal/volumes/vo-UZL6XRNnGfsFjlpmHH9EJN/segments/2025-09-20-17-47-54-000000/front_1/000032.mp4,/__modal/volumes/vo-UZL6XRNnGfsFjlpmHH9EJN/episodes/2025-09-20-17-47-54-000000,True,,fold_clothes__3,6.540175649294293,0.9414893617021277,0.9095744680851063,False,True,facility_location_gain_per_second
2025-09-20-17-47-54-000000,2025-09-20-17-47-54-000000:front_1:000033,fold_clothes,33.0,34.0,1.0,990,1020,1.0,1.0,1.0,0.0,0,per_frame_inverse_head_to_world:obs_head_pose,/__modal/volumes/vo-UZL6XRNnGfsFjlpmHH9EJN/episodes/2025-09-20-17-47-54-000000,/__modal/volumes/vo-UZL6XRNnGfsFjlpmHH9EJN/segments/2025-09-20-17-47-54-000000/front_1/000033.mp4,/__modal/volumes/vo-UZL6XRNnGfsFjlpmHH9EJN/episodes/2025-09-20-17-47-54-000000,True,,fold_clothes__3,3.3983088699606165,0.324468085106383,0.9095744680851063,False,True,facility_location_gain_per_second
2025-09-20-17-47-54-000000,2025-09-20-17-47-54-000000:front_1:000034,fold_clothes,34.0,35.0,1.0,1020,1050,1.0,1.0,1.0,0.0,0,per_frame_inverse_head_to_world:obs_head_pose,/__modal/volumes/vo-UZL6XRNnGfsFjlpmHH9EJN/episodes/2025-09-20-17-47-54-000000,/__modal/volumes/vo-UZL6XRNnGfsFjlpmHH9EJN/segments/2025-09-20-17-47-54-000000/front_1/000034.mp4,/__modal/volumes/vo-UZL6XRNnGfsFjlpmHH9EJN/episodes/2025-09-20-17-47-54-000000,True,,fold_clothes__5,3.326526568058558,0.2978723404255319,0.7234042553191489,False,True,facility_location_gain_per_second
2025-09-20-17-47-54-000000,2025-09-20-17-47-54-000000:front_1:000035,fold_clothes,35.0,36.0,1.0,1050,1080,1.0,1.0,1.0,0.0,0,per_frame_inverse_head_to_world:obs_head_pose,/__modal/volumes/vo-UZL6XRNnGfsFjlpmHH9EJN/episodes/2025-09-20-17-47-54-000000,/__modal/volumes/vo-UZL6XRNnGfsFjlpmHH9EJN/segments/2025-09-20-17-47-54-000000/front_1/000035.mp4,/__modal/volumes/vo-UZL6XRNnGfsFjlpmHH9EJN/episodes/2025-09-20-17-47-54-000000,True,,fold_clothes__5,3.24016797407932,0.26595744680851063,0.7234042553191489,False,False,
2025-09-20-17-47-54-000000,2025-09-20-17-47-54-000000:front_1:000036,fold_clothes,36.0,37.0,1.0,1080,1110,1.0,1.0,1.0,0.0,0,per_frame_inverse_head_to_world:obs_head_pose,/__modal/volumes/vo-UZL6XRNnGfsFjlpmHH9EJN/episodes/2025-09-20-17-47-54-000000,/__modal/volumes/vo-UZL6XRNnGfsFjlpmHH9EJN/segments/2025-09-20-17-47-54-000000/front_1/000036.mp4,/__modal/volumes/vo-UZL6XRNnGfsFjlpmHH9EJN/episodes/2025-09-20-17-47-54-000000,True,,fold_clothes__1,4.176622168490162,0.5851063829787234,0.75,False,True,facility_location_gain_per_second
2025-09-20-17-47-54-000000,2025-09-20-17-47-54-000000:front_1:000037,fold_clothes,37.0,38.0,1.0,1110,1140,1.0,1.0,1.0,0.0,0,per_frame_inverse_head_to_world:obs_head_pose,/__modal/volumes/vo-UZL6XRNnGfsFjlpmHH9EJN/episodes/2025-09-20-17-47-54-000000,/__modal/volumes/vo-UZL6XRNnGfsFjlpmHH9EJN/segments/2025-09-20-17-47-54-000000/front_1/000037.mp4,/__modal/volumes/vo-UZL6XRNnGfsFjlpmHH9EJN/episodes/2025-09-20-17-47-54-000000,True,,fold_clothes__6,4.775052035041108,0.6861702127659575,0.9521276595744681,False,True,facility_location_gain_per_second
2025-09-20-17-47-54-000000,2025-09-20-17-47-54-000000:front_1:000038,fold_clothes,38.0,39.0,1.0,1140,1170,1.0,1.0,1.0,0.0,0,per_frame_inverse_head_to_world:obs_head_pose,/__modal/volumes/vo-UZL6XRNnGfsFjlpmHH9EJN/episodes/2025-09-20-17-47-54-000000,/__modal/volumes/vo-UZL6XRNnGfsFjlpmHH9EJN/segments/2025-09-20-17-47-54-000000/front_1/000038.mp4,/__modal/volumes/vo-UZL6XRNnGfsFjlpmHH9EJN/episodes/2025-09-20-17-47-54-000000,True,,fold_clothes__5,14.048892468404825,1.0,0.7234042553191489,False,True,facility_location_gain_per_second
2025-09-20-17-47-54-000000,2025-09-20-17-47-54-000000:front_1:000039,fold_clothes,39.0,40.0,1.0,1170,1200,1.0,1.0,1.0,0.0,0,per_frame_inverse_head_to_world:obs_head_pose,/__modal/volumes/vo-UZL6XRNnGfsFjlpmHH9EJN/episodes/2025-09-20-17-47-54-000000,/__modal/volumes/vo-UZL6XRNnGfsFjlpmHH9EJN/segments/2025-09-20-17-47-54-000000/front_1/000039.mp4,/__modal/volumes/vo-UZL6XRNnGfsFjlpmHH9EJN/episodes/2025-09-20-17-47-54-000000,True,,fold_clothes__0,5.248738776721272,0.7925531914893617,0.7659574468085106,False,True,facility_location_gain_per_second
2025-09-20-17-47-54-000000,2025-09-20-17-47-54-000000:front_1:000040,fold_clothes,40.0,41.0,1.0,1200,1230,1.0,1.0,1.0,0.0,0,per_frame_inverse_head_to_world:obs_head_pose,/__modal/volumes/vo-UZL6XRNnGfsFjlpmHH9EJN/episodes/2025-09-20-17-47-54-000000,/__modal/volumes/vo-UZL6XRNnGfsFjlpmHH9EJN/segments/2025-09-20-17-47-54-000000/front_1/000040.mp4,/__modal/volumes/vo-UZL6XRNnGfsFjlpmHH9EJN/episodes/2025-09-20-17-47-54-000000,True,,fold_clothes__3,5.5843139556425365,0.8563829787234043,0.9095744680851063,False,True,facility_location_gain_per_second
2025-09-20-17-47-54-000000,2025-09-20-17-47-54-000000:front_1:000041,fold_clothes,41.0,42.0,1.0,1230,1260,1.0,1.0,1.0,0.0,0,per_frame_inverse_head_to_world:obs_head_pose,/__modal/volumes/vo-UZL6XRNnGfsFjlpmHH9EJN/episodes/2025-09-20-17-47-54-000000,/__modal/volumes/vo-UZL6XRNnGfsFjlpmHH9EJN/segments/2025-09-20-17-47-54-000000/front_1/000041.mp4,/__modal/volumes/vo-UZL6XRNnGfsFjlpmHH9EJN/episodes/2025-09-20-17-47-54-000000,True,,fold_clothes__5,4.81847362969313,0.6968085106382979,0.7234042553191489,False,True,facility_location_gain_per_second
2025-09-20-17-47-54-000000,2025-09-20-17-47-54-000000:front_1:000042,fold_clothes,42.0,43.0,1.0,1260,1290,1.0,1.0,1.0,0.0,0,per_frame_inverse_head_to_world:obs_head_pose,/__modal/volumes/vo-UZL6XRNnGfsFjlpmHH9EJN/episodes/2025-09-20-17-47-54-000000,/__modal/volumes/vo-UZL6XRNnGfsFjlpmHH9EJN/segments/2025-09-20-17-47-54-000000/front_1/000042.mp4,/__modal/volumes/vo-UZL6XRNnGfsFjlpmHH9EJN/episodes/2025-09-20-17-47-54-000000,True,,fold_clothes__0,3.4024578385602857,0.32978723404255317,0.7659574468085106,False,False,
2025-09-20-17-47-54-000000,2025-09-20-17-47-54-000000:front_1:000043,fold_clothes,43.0,44.0,1.0,1290,1320,1.0,1.0,1.0,0.0,0,per_frame_inverse_head_to_world:obs_head_pose,/__modal/volumes/vo-UZL6XRNnGfsFjlpmHH9EJN/episodes/2025-09-20-17-47-54-000000,/__modal/volumes/vo-UZL6XRNnGfsFjlpmHH9EJN/segments/2025-09-20-17-47-54-000000/front_1/000043.mp4,/__modal/volumes/vo-UZL6XRNnGfsFjlpmHH9EJN/episodes/2025-09-20-17-47-54-000000,True,,fold_clothes__5,3.4218543563154897,0.3404255319148936,0.7234042553191489,False,False,
2025-09-20-17-47-54-000000,2025-09-20-17-47-54-000000:front_1:000044,fold_clothes,44.0,45.0,1.0,1320,1350,1.0,1.0,1.0,0.0,0,per_frame_inverse_head_to_world:obs_head_pose,/__modal/volumes/vo-UZL6XRNnGfsFjlpmHH9EJN/episodes/2025-09-20-17-47-54-000000,/__modal/volumes/vo-UZL6XRNnGfsFjlpmHH9EJN/segments/2025-09-20-17-47-54-000000/front_1/000044.mp4,/__modal/volumes/vo-UZL6XRNnGfsFjlpmHH9EJN/episodes/2025-09-20-17-47-54-000000,True,,fold_clothes__5,3.9899664175231577,0.5585106382978723,0.7234042553191489,False,True,facility_location_gain_per_second
2025-09-20-17-47-54-000000,2025-09-20-17-47-54-000000:front_1:000045,fold_clothes,45.0,46.0,1.0,1350,1380,1.0,1.0,1.0,0.0,0,per_frame_inverse_head_to_world:obs_head_pose,/__modal/volumes/vo-UZL6XRNnGfsFjlpmHH9EJN/episodes/2025-09-20-17-47-54-000000,/__modal/volumes/vo-UZL6XRNnGfsFjlpmHH9EJN/segments/2025-09-20-17-47-54-000000/front_1/000045.mp4,/__modal/volumes/vo-UZL6XRNnGfsFjlpmHH9EJN/episodes/2025-09-20-17-47-54-000000,True,,fold_clothes__1,4.675693283243257,0.675531914893617,0.75,False,False,
2025-09-20-17-47-54-000000,2025-09-20-17-47-54-000000:front_1:000046,fold_clothes,46.0,47.0,1.0,1380,1410,1.0,1.0,1.0,0.0,0,per_frame_inverse_head_to_world:obs_head_pose,/__modal/volumes/vo-UZL6XRNnGfsFjlpmHH9EJN/episodes/2025-09-20-17-47-54-000000,/__modal/volumes/vo-UZL6XRNnGfsFjlpmHH9EJN/segments/2025-09-20-17-47-54-000000/front_1/000046.mp4,/__modal/volumes/vo-UZL6XRNnGfsFjlpmHH9EJN/episodes/2025-09-20-17-47-54-000000,True,,fold_clothes__0,5.0229782581151,0.7712765957446809,0.7659574468085106,False,True,facility_location_gain_per_second
2025-09-20-17-47-54-000000,2025-09-20-17-47-54-000000:front_1:000047,fold_clothes,47.0,48.0,1.0,1410,1440,1.0,1.0,1.0,0.0,0,per_frame_inverse_head_to_world:obs_head_pose,/__modal/volumes/vo-UZL6XRNnGfsFjlpmHH9EJN/episodes/2025-09-20-17-47-54-000000,/__modal/volumes/vo-UZL6XRNnGfsFjlpmHH9EJN/segments/2025-09-20-17-47-54-000000/front_1/000047.mp4,/__modal/volumes/vo-UZL6XRNnGfsFjlpmHH9EJN/episodes/2025-09-20-17-47-54-000000,True,,fold_clothes__3,3.907473827665048,0.5106382978723404,0.9095744680851063,False,False,
2025-09-20-17-47-54-000000,2025-09-20-17-47-54-000000:front_1:000048,fold_clothes,48.0,49.0,1.0,1440,1470,1.0,1.0,1.0,0.0,0,per_frame_inverse_head_to_world:obs_head_pose,/__modal/volumes/vo-UZL6XRNnGfsFjlpmHH9EJN/episodes/2025-09-20-17-47-54-000000,/__modal/volumes/vo-UZL6XRNnGfsFjlpmHH9EJN/segments/2025-09-20-17-47-54-000000/front_1/000048.mp4,/__modal/volumes/vo-UZL6XRNnGfsFjlpmHH9EJN/episodes/2025-09-20-17-47-54-000000,True,,fold_clothes__5,2.6138443193856076,0.05319148936170213,0.7234042553191489,False,True,preserve_populated_verb
2025-09-20-17-47-54-000000,2025-09-20-17-47-54-000000:front_1:000049,fold_clothes,49.0,50.0,1.0,1470,1500,1.0,1.0,1.0,0.0,0,per_frame_inverse_head_to_world:obs_head_pose,/__modal/volumes/vo-UZL6XRNnGfsFjlpmHH9EJN/episodes/2025-09-20-17-47-54-000000,/__modal/volumes/vo-UZL6XRNnGfsFjlpmHH9EJN/segments/2025-09-20-17-47-54-000000/front_1/000049.mp4,/__modal/volumes/vo-UZL6XRNnGfsFjlpmHH9EJN/episodes/2025-09-20-17-47-54-000000,True,,fold_clothes__5,2.9893026974427803,0.13829787234042554,0.7234042553191489,False,True,facility_location_gain_per_second
2025-09-20-17-47-54-000000,2025-09-20-17-47-54-000000:front_1:000050,fold_clothes,50.0,51.0,1.0,1500,1530,1.0,1.0,1.0,0.0,0,per_frame_inverse_head_to_world:obs_head_pose,/__modal/volumes/vo-UZL6XRNnGfsFjlpmHH9EJN/episodes/2025-09-20-17-47-54-000000,/__modal/volumes/vo-UZL6XRNnGfsFjlpmHH9EJN/segments/2025-09-20-17-47-54-000000/front_1/000050.mp4,/__modal/volumes/vo-UZL6XRNnGfsFjlpmHH9EJN/episodes/2025-09-20-17-47-54-000000,True,,fold_clothes__1,4.474787678784475,0.6542553191489362,0.75,False,False,
2025-09-20-17-47-54-000000,2025-09-20-17-47-54-000000:front_1:000051,fold_clothes,51.0,52.0,1.0,1530,1560,1.0,1.0,1.0,0.0,0,per_frame_inverse_head_to_world:obs_head_pose,/__modal/volumes/vo-UZL6XRNnGfsFjlpmHH9EJN/episodes/2025-09-20-17-47-54-000000,/__modal/volumes/vo-UZL6XRNnGfsFjlpmHH9EJN/segments/2025-09-20-17-47-54-000000/front_1/000051.mp4,/__modal/volumes/vo-UZL6XRNnGfsFjlpmHH9EJN/episodes/2025-09-20-17-47-54-000000,True,,fold_clothes__6,4.370626309379187,0.6329787234042553,0.9521276595744681,False,True,facility_location_gain_per_second
2025-09-20-17-47-54-000000,2025-09-20-17-47-54-000000:front_1:000052,fold_clothes,52.0,53.0,1.0,1560,1590,1.0,1.0,1.0,0.0,0,per_frame_inverse_head_to_world:obs_head_pose,/__modal/volumes/vo-UZL6XRNnGfsFjlpmHH9EJN/episodes/2025-09-20-17-47-54-000000,/__modal/volumes/vo-UZL6XRNnGfsFjlpmHH9EJN/segments/2025-09-20-17-47-54-000000/front_1/000052.mp4,/__modal/volumes/vo-UZL6XRNnGfsFjlpmHH9EJN/episodes/2025-09-20-17-47-54-000000,True,,fold_clothes__3,6.122580993548143,0.9095744680851063,0.9095744680851063,False,True,facility_location_gain_per_second
2025-09-20-17-47-54-000000,2025-09-20-17-47-54-000000:front_1:000053,fold_clothes,53.0,54.0,1.0,1590,1620,1.0,1.0,1.0,0.0,0,per_frame_inverse_head_to_world:obs_head_pose,/__modal/volumes/vo-UZL6XRNnGfsFjlpmHH9EJN/episodes/2025-09-20-17-47-54-000000,/__modal/volumes/vo-UZL6XRNnGfsFjlpmHH9EJN/segments/2025-09-20-17-47-54-000000/front_1/000053.mp4,/__modal/volumes/vo-UZL6XRNnGfsFjlpmHH9EJN/episodes/2025-09-20-17-47-54-000000,True,,fold_clothes__5,2.784512936172956,0.0797872340425532,0.7234042553191489,False,False,
2025-09-20-17-47-54-000000,2025-09-20-17-47-54-000000:front_1:000054,fold_clothes,54.0,55.0,1.0,1620,1650,1.0,1.0,1.0,0.0,0,per_frame_inverse_head_to_world:obs_head_pose,/__modal/volumes/vo-UZL6XRNnGfsFjlpmHH9EJN/episodes/2025-09-20-17-47-54-000000,/__modal/volumes/vo-UZL6XRNnGfsFjlpmHH9EJN/segments/2025-09-20-17-47-54-000000/front_1/000054.mp4,/__modal/volumes/vo-UZL6XRNnGfsFjlpmHH9EJN/episodes/2025-09-20-17-47-54-000000,True,,fold_clothes__5,2.2203817700565875,0.005319148936170213,0.7234042553191489,False,False,
2025-09-20-17-47-54-000000,2025-09-20-17-47-54-000000:front_1:000055,fold_clothes,55.0,56.0,1.0,1650,1680,1.0,1.0,1.0,0.0,0,per_frame_inverse_head_to_world:obs_head_pose,/__modal/volumes/vo-UZL6XRNnGfsFjlpmHH9EJN/episodes/2025-09-20-17-47-54-000000,/__modal/volumes/vo-UZL6XRNnGfsFjlpmHH9EJN/segments/2025-09-20-17-47-54-000000/front_1/000055.mp4,/__modal/volumes/vo-UZL6XRNnGfsFjlpmHH9EJN/episodes/2025-09-20-17-47-54-000000,True,,fold_clothes__5,3.982616678395955,0.5478723404255319,0.7234042553191489,False,False,
2025-09-20-17-47-54-000000,2025-09-20-17-47-54-000000:front_1:000056,fold_clothes,56.0,57.0,1.0,1680,1710,1.0,1.0,1.0,0.0,0,per_frame_inverse_head_to_world:obs_head_pose,/__modal/volumes/vo-UZL6XRNnGfsFjlpmHH9EJN/episodes/2025-09-20-17-47-54-000000,/__modal/volumes/vo-UZL6XRNnGfsFjlpmHH9EJN/segments/2025-09-20-17-47-54-000000/front_1/000056.mp4,/__modal/volumes/vo-UZL6XRNnGfsFjlpmHH9EJN/episodes/2025-09-20-17-47-54-000000,True,,fold_clothes__5,4.633266063579288,0.6595744680851063,0.7234042553191489,False,False,
2025-09-20-17-47-54-000000,2025-09-20-17-47-54-000000:front_1:000057,fold_clothes,57.0,58.0,1.0,1710,1740,1.0,1.0,1.0,0.0,0,per_frame_inverse_head_to_world:obs_head_pose,/__modal/volumes/vo-UZL6XRNnGfsFjlpmHH9EJN/episodes/2025-09-20-17-47-54-000000,/__modal/volumes/vo-UZL6XRNnGfsFjlpmHH9EJN/segments/2025-09-20-17-47-54-000000/front_1/000057.mp4,/__modal/volumes/vo-UZL6XRNnGfsFjlpmHH9EJN/episodes/2025-09-20-17-47-54-000000,True,,fold_clothes__3,6.287377480428857,0.9308510638297872,0.9095744680851063,False,True,facility_location_gain_per_second
2025-09-20-17-47-54-000000,2025-09-20-17-47-54-000000:front_1:000058,fold_clothes,58.0,59.0,1.0,1740,1770,1.0,1.0,1.0,0.0,0,per_frame_inverse_head_to_world:obs_head_pose,/__modal/volumes/vo-UZL6XRNnGfsFjlpmHH9EJN/episodes/2025-09-20-17-47-54-000000,/__modal/volumes/vo-UZL6XRNnGfsFjlpmHH9EJN/segments/2025-09-20-17-47-54-000000/front_1/000058.mp4,/__modal/volumes/vo-UZL6XRNnGfsFjlpmHH9EJN/episodes/2025-09-20-17-47-54-000000,True,,fold_clothes__0,3.1029893249639273,0.2127659574468085,0.7659574468085106,False,False,
2025-09-20-17-47-54-000000,2025-09-20-17-47-54-000000:front_1:000059,fold_clothes,59.0,60.0,1.0,1770,1800,1.0,1.0,1.0,0.0,0,per_frame_inverse_head_to_world:obs_head_pose,/__modal/volumes/vo-UZL6XRNnGfsFjlpmHH9EJN/episodes/2025-09-20-17-47-54-000000,/__modal/volumes/vo-UZL6XRNnGfsFjlpmHH9EJN/segments/2025-09-20-17-47-54-000000/front_1/000059.mp4,/__modal/volumes/vo-UZL6XRNnGfsFjlpmHH9EJN/episodes/2025-09-20-17-47-54-000000,True,,fold_clothes__5,3.5392985866463746,0.39361702127659576,0.7234042553191489,False,True,facility_location_gain_per_second
2025-09-20-17-47-54-000000,2025-09-20-17-47-54-000000:front_1:000060,fold_clothes,60.0,61.0,1.0,1800,1830,1.0,1.0,1.0,0.0,0,per_frame_inverse_head_to_world:obs_head_pose,/__modal/volumes/vo-UZL6XRNnGfsFjlpmHH9EJN/episodes/2025-09-20-17-47-54-000000,/__modal/volumes/vo-UZL6XRNnGfsFjlpmHH9EJN/segments/2025-09-20-17-47-54-000000/front_1/000060.mp4,/__modal/volumes/vo-UZL6XRNnGfsFjlpmHH9EJN/episodes/2025-09-20-17-47-54-000000,True,,fold_clothes__5,4.14569860854736,0.5797872340425532,0.7234042553191489,False,False,
2025-09-20-17-47-54-000000,2025-09-20-17-47-54-000000:front_1:000061,fold_clothes,61.0,62.0,1.0,1830,1860,1.0,1.0,1.0,0.0,0,per_frame_inverse_head_to_world:obs_head_pose,/__modal/volumes/vo-UZL6XRNnGfsFjlpmHH9EJN/episodes/2025-09-20-17-47-54-000000,/__modal/volumes/vo-UZL6XRNnGfsFjlpmHH9EJN/segments/2025-09-20-17-47-54-000000/front_1/000061.mp4,/__modal/volumes/vo-UZL6XRNnGfsFjlpmHH9EJN/episodes/2025-09-20-17-47-54-000000,True,,fold_clothes__1,4.802747925501797,0.6914893617021277,0.75,False,True,facility_location_gain_per_second
2025-09-20-17-47-54-000000,2025-09-20-17-47-54-000000:front_1:000062,fold_clothes,62.0,63.0,1.0,1860,1890,1.0,1.0,1.0,0.0,0,per_frame_inverse_head_to_world:obs_head_pose,/__modal/volumes/vo-UZL6XRNnGfsFjlpmHH9EJN/episodes/2025-09-20-17-47-54-000000,/__modal/volumes/vo-UZL6XRNnGfsFjlpmHH9EJN/segments/2025-09-20-17-47-54-000000/front_1/000062.mp4,/__modal/volumes/vo-UZL6XRNnGfsFjlpmHH9EJN/episodes/2025-09-20-17-47-54-000000,True,,fold_clothes__2,5.758103754603316,0.8936170212765957,0.9414893617021276,False,True,facility_location_gain_per_second
2025-09-20-17-47-54-000000,2025-09-20-17-47-54-000000:front_1:000063,fold_clothes,63.0,64.0,1.0,1890,1920,1.0,1.0,1.0,0.0,0,per_frame_inverse_head_to_world:obs_head_pose,/__modal/volumes/vo-UZL6XRNnGfsFjlpmHH9EJN/episodes/2025-09-20-17-47-54-000000,/__modal/volumes/vo-UZL6XRNnGfsFjlpmHH9EJN/segments/2025-09-20-17-47-54-000000/front_1/000063.mp4,/__modal/volumes/vo-UZL6XRNnGfsFjlpmHH9EJN/episodes/2025-09-20-17-47-54-000000,True,,fold_clothes__0,2.974566391128211,0.1276595744680851,0.7659574468085106,False,True,facility_location_gain_per_second
2025-09-20-17-47-54-000000,2025-09-20-17-47-54-000000:front_1:000064,fold_clothes,64.0,65.0,1.0,1920,1950,1.0,1.0,1.0,0.0,0,per_frame_inverse_head_to_world:obs_head_pose,/__modal/volumes/vo-UZL6XRNnGfsFjlpmHH9EJN/episodes/2025-09-20-17-47-54-000000,/__modal/volumes/vo-UZL6XRNnGfsFjlpmHH9EJN/segments/2025-09-20-17-47-54-000000/front_1/000064.mp4,/__modal/volumes/vo-UZL6XRNnGfsFjlpmHH9EJN/episodes/2025-09-20-17-47-54-000000,True,,fold_clothes__5,3.725376511725602,0.4574468085106383,0.7234042553191489,False,False,
2025-09-20-17-47-54-000000,2025-09-20-17-47-54-000000:front_1:000065,fold_clothes,65.0,66.0,1.0,1950,1980,1.0,1.0,1.0,0.0,0,per_frame_inverse_head_to_world:obs_head_pose,/__modal/volumes/vo-UZL6XRNnGfsFjlpmHH9EJN/episodes/2025-09-20-17-47-54-000000,/__modal/volumes/vo-UZL6XRNnGfsFjlpmHH9EJN/segments/2025-09-20-17-47-54-000000/front_1/000065.mp4,/__modal/volumes/vo-UZL6XRNnGfsFjlpmHH9EJN/episodes/2025-09-20-17-47-54-000000,True,,fold_clothes__5,3.3045196449373924,0.28191489361702127,0.7234042553191489,False,True,facility_location_gain_per_second
2025-09-20-17-47-54-000000,2025-09-20-17-47-54-000000:front_1:000066,fold_clothes,66.0,67.0,1.0,1980,2010,1.0,1.0,1.0,0.0,0,per_frame_inverse_head_to_world:obs_head_pose,/__modal/volumes/vo-UZL6XRNnGfsFjlpmHH9EJN/episodes/2025-09-20-17-47-54-000000,/__modal/volumes/vo-UZL6XRNnGfsFjlpmHH9EJN/segments/2025-09-20-17-47-54-000000/front_1/000066.mp4,/__modal/volumes/vo-UZL6XRNnGfsFjlpmHH9EJN/episodes/2025-09-20-17-47-54-000000,True,,fold_clothes__1,4.316155855157275,0.6223404255319149,0.75,False,False,
2025-09-20-17-47-54-000000,2025-09-20-17-47-54-000000:front_1:000067,fold_clothes,67.0,68.0,1.0,2010,2040,1.0,1.0,1.0,0.0,0,per_frame_inverse_head_to_world:obs_head_pose,/__modal/volumes/vo-UZL6XRNnGfsFjlpmHH9EJN/episodes/2025-09-20-17-47-54-000000,/__modal/volumes/vo-UZL6XRNnGfsFjlpmHH9EJN/segments/2025-09-20-17-47-54-000000/front_1/000067.mp4,/__modal/volumes/vo-UZL6XRNnGfsFjlpmHH9EJN/episodes/2025-09-20-17-47-54-000000,True,,fold_clothes__6,5.232839121452065,0.7872340425531915,0.9521276595744681,False,False,
2025-09-20-17-47-54-000000,2025-09-20-17-47-54-000000:front_1:000068,fold_clothes,68.0,69.0,1.0,2040,2070,1.0,1.0,1.0,0.0,0,per_frame_inverse_head_to_world:obs_head_pose,/__modal/volumes/vo-UZL6XRNnGfsFjlpmHH9EJN/episodes/2025-09-20-17-47-54-000000,/__modal/volumes/vo-UZL6XRNnGfsFjlpmHH9EJN/segments/2025-09-20-17-47-54-000000/front_1/000068.mp4,/__modal/volumes/vo-UZL6XRNnGfsFjlpmHH9EJN/episodes/2025-09-20-17-47-54-000000,True,,fold_clothes__3,4.962379656006897,0.75,0.9095744680851063,False,True,facility_location_gain_per_second
2025-09-20-17-47-54-000000,2025-09-20-17-47-54-000000:front_1:000069,fold_clothes,69.0,70.0,1.0,2070,2100,1.0,1.0,1.0,0.0,0,per_frame_inverse_head_to_world:obs_head_pose,/__modal/volumes/vo-UZL6XRNnGfsFjlpmHH9EJN/episodes/2025-09-20-17-47-54-000000,/__modal/volumes/vo-UZL6XRNnGfsFjlpmHH9EJN/segments/2025-09-20-17-47-54-000000/front_1/000069.mp4,/__modal/volumes/vo-UZL6XRNnGfsFjlpmHH9EJN/episodes/2025-09-20-17-47-54-000000,True,,fold_clothes__5,3.070153575970988,0.18085106382978725,0.7234042553191489,False,False,
2025-09-20-17-47-54-000000,2025-09-20-17-47-54-000000:front_1:000070,fold_clothes,70.0,71.0,1.0,2100,2130,1.0,1.0,1.0,0.0,0,per_frame_inverse_head_to_world:obs_head_pose,/__modal/volumes/vo-UZL6XRNnGfsFjlpmHH9EJN/episodes/2025-09-20-17-47-54-000000,/__modal/volumes/vo-UZL6XRNnGfsFjlpmHH9EJN/segments/2025-09-20-17-47-54-000000/front_1/000070.mp4,/__modal/volumes/vo-UZL6XRNnGfsFjlpmHH9EJN/episodes/2025-09-20-17-47-54-000000,True,,fold_clothes__5,2.6664876557312605,0.07446808510638298,0.7234042553191489,False,False,
2025-09-20-17-47-54-000000,2025-09-20-17-47-54-000000:front_1:000071,fold_clothes,71.0,72.0,1.0,2130,2160,1.0,1.0,1.0,0.0,0,per_frame_inverse_head_to_world:obs_head_pose,/__modal/volumes/vo-UZL6XRNnGfsFjlpmHH9EJN/episodes/2025-09-20-17-47-54-000000,/__modal/volumes/vo-UZL6XRNnGfsFjlpmHH9EJN/segments/2025-09-20-17-47-54-000000/front_1/000071.mp4,/__modal/volumes/vo-UZL6XRNnGfsFjlpmHH9EJN/episodes/2025-09-20-17-47-54-000000,True,,fold_clothes__1,3.0213161517368134,0.16489361702127658,0.75,False,False,
2025-09-20-17-47-54-000000,2025-09-20-17-47-54-000000:front_1:000072,fold_clothes,72.0,73.0,1.0,2160,2190,1.0,1.0,1.0,0.0,0,per_frame_inverse_head_to_world:obs_head_pose,/__modal/volumes/vo-UZL6XRNnGfsFjlpmHH9EJN/episodes/2025-09-20-17-47-54-000000,/__modal/volumes/vo-UZL6XRNnGfsFjlpmHH9EJN/segments/2025-09-20-17-47-54-000000/front_1/000072.mp4,/__modal/volumes/vo-UZL6XRNnGfsFjlpmHH9EJN/episodes/2025-09-20-17-47-54-000000,True,,fold_clothes__5,3.6655937505409155,0.42021276595744683,0.7234042553191489,False,True,facility_location_gain_per_second
2025-09-20-17-47-54-000000,2025-09-20-17-47-54-000000:front_1:000073,fold_clothes,73.0,74.0,1.0,2190,2220,1.0,1.0,1.0,0.0,0,per_frame_inverse_head_to_world:obs_head_pose,/__modal/volumes/vo-UZL6XRNnGfsFjlpmHH9EJN/episodes/2025-09-20-17-47-54-000000,/__modal/volumes/vo-UZL6XRNnGfsFjlpmHH9EJN/segments/2025-09-20-17-47-54-000000/front_1/000073.mp4,/__modal/volumes/vo-UZL6XRNnGfsFjlpmHH9EJN/episodes/2025-09-20-17-47-54-000000,True,,fold_clothes__2,5.8099195255092315,0.898936170212766,0.9414893617021276,False,True,facility_location_gain_per_second
2025-09-20-17-47-54-000000,2025-09-20-17-47-54-000000:front_1:000074,fold_clothes,74.0,75.0,1.0,2220,2250,1.0,1.0,1.0,0.0,0,per_frame_inverse_head_to_world:obs_head_pose,/__modal/volumes/vo-UZL6XRNnGfsFjlpmHH9EJN/episodes/2025-09-20-17-47-54-000000,/__modal/volumes/vo-UZL6XRNnGfsFjlpmHH9EJN/segments/2025-09-20-17-47-54-000000/front_1/000074.mp4,/__modal/volumes/vo-UZL6XRNnGfsFjlpmHH9EJN/episodes/2025-09-20-17-47-54-000000,True,,fold_clothes__0,3.0904248034693333,0.19680851063829788,0.7659574468085106,False,False,
2025-09-20-17-47-54-000000,2025-09-20-17-47-54-000000:front_1:000075,fold_clothes,75.0,76.0,1.0,2250,2280,1.0,1.0,1.0,0.0,0,per_frame_inverse_head_to_world:obs_head_pose,/__modal/volumes/vo-UZL6XRNnGfsFjlpmHH9EJN/episodes/2025-09-20-17-47-54-000000,/__modal/volumes/vo-UZL6XRNnGfsFjlpmHH9EJN/segments/2025-09-20-17-47-54-000000/front_1/000075.mp4,/__modal/volumes/vo-UZL6XRNnGfsFjlpmHH9EJN/episodes/2025-09-20-17-47-54-000000,True,,fold_clothes__5,3.5207951900700016,0.3829787234042553,0.7234042553191489,False,False,
2025-09-20-17-47-54-000000,2025-09-20-17-47-54-000000:front_1:000076,fold_clothes,76.0,77.0,1.0,2280,2310,1.0,1.0,1.0,0.0,0,per_frame_inverse_head_to_world:obs_head_pose,/__modal/volumes/vo-UZL6XRNnGfsFjlpmHH9EJN/episodes/2025-09-20-17-47-54-000000,/__modal/volumes/vo-UZL6XRNnGfsFjlpmHH9EJN/segments/2025-09-20-17-47-54-000000/front_1/000076.mp4,/__modal/volumes/vo-UZL6XRNnGfsFjlpmHH9EJN/episodes/2025-09-20-17-47-54-000000,True,,fold_clothes__5,4.670858607624394,0.6702127659574468,0.7234042553191489,False,False,
2025-09-20-17-47-54-000000,2025-09-20-17-47-54-000000:front_1:000077,fold_clothes,77.0,78.0,1.0,2310,2340,1.0,1.0,1.0,0.0,0,per_frame_inverse_head_to_world:obs_head_pose,/__modal/volumes/vo-UZL6XRNnGfsFjlpmHH9EJN/episodes/2025-09-20-17-47-54-000000,/__modal/volumes/vo-UZL6XRNnGfsFjlpmHH9EJN/segments/2025-09-20-17-47-54-000000/front_1/000077.mp4,/__modal/volumes/vo-UZL6XRNnGfsFjlpmHH9EJN/episodes/2025-09-20-17-47-54-000000,True,,fold_clothes__1,5.019627729574521,0.7659574468085106,0.75,False,False,
2025-09-20-17-47-54-000000,2025-09-20-17-47-54-000000:front_1:000078,fold_clothes,78.0,79.0,1.0,2340,2370,1.0,1.0,1.0,0.0,0,per_frame_inverse_head_to_world:obs_head_pose,/__modal/volumes/vo-UZL6XRNnGfsFjlpmHH9EJN/episodes/2025-09-20-17-47-54-000000,/__modal/volumes/vo-UZL6XRNnGfsFjlpmHH9EJN/segments/2025-09-20-17-47-54-000000/front_1/000078.mp4,/__modal/volumes/vo-UZL6XRNnGfsFjlpmHH9EJN/episodes/2025-09-20-17-47-54-000000,True,,fold_clothes__2,6.21213694197219,0.9202127659574468,0.9414893617021276,False,True,facility_location_gain_per_second
2025-09-20-17-47-54-000000,2025-09-20-17-47-54-000000:front_1:000079,fold_clothes,79.0,80.0,1.0,2370,2400,1.0,1.0,1.0,0.0,0,per_frame_inverse_head_to_world:obs_head_pose,/__modal/volumes/vo-UZL6XRNnGfsFjlpmHH9EJN/episodes/2025-09-20-17-47-54-000000,/__modal/volumes/vo-UZL6XRNnGfsFjlpmHH9EJN/segments/2025-09-20-17-47-54-000000/front_1/000079.mp4,/__modal/volumes/vo-UZL6XRNnGfsFjlpmHH9EJN/episodes/2025-09-20-17-47-54-000000,True,,fold_clothes__0,3.3887701170530944,0.31382978723404253,0.7659574468085106,False,False,
2025-09-20-17-47-54-000000,2025-09-20-17-47-54-000000:front_1:000080,fold_clothes,80.0,81.0,1.0,2400,2430,1.0,1.0,1.0,0.0,0,per_frame_inverse_head_to_world:obs_head_pose,/__modal/volumes/vo-UZL6XRNnGfsFjlpmHH9EJN/episodes/2025-09-20-17-47-54-000000,/__modal/volumes/vo-UZL6XRNnGfsFjlpmHH9EJN/segments/2025-09-20-17-47-54-000000/front_1/000080.mp4,/__modal/volumes/vo-UZL6XRNnGfsFjlpmHH9EJN/episodes/2025-09-20-17-47-54-000000,True,,fold_clothes__5,3.2667025153959295,0.2765957446808511,0.7234042553191489,False,False,
2025-09-20-17-47-54-000000,2025-09-20-17-47-54-000000:front_1:000081,fold_clothes,81.0,82.0,1.0,2430,2460,1.0,1.0,1.0,0.0,0,per_frame_inverse_head_to_world:obs_head_pose,/__modal/volumes/vo-UZL6XRNnGfsFjlpmHH9EJN/episodes/2025-09-20-17-47-54-000000,/__modal/volumes/vo-UZL6XRNnGfsFjlpmHH9EJN/segments/2025-09-20-17-47-54-000000/front_1/000081.mp4,/__modal/volumes/vo-UZL6XRNnGfsFjlpmHH9EJN/episodes/2025-09-20-17-47-54-000000,True,,fold_clothes__5,3.6907811784819464,0.43617021276595747,0.7234042553191489,False,False,
2025-09-20-17-47-54-000000,2025-09-20-17-47-54-000000:front_1:000082,fold_clothes,82.0,83.0,1.0,2460,2490,1.0,1.0,1.0,0.0,0,per_frame_inverse_head_to_world:obs_head_pose,/__modal/volumes/vo-UZL6XRNnGfsFjlpmHH9EJN/episodes/2025-09-20-17-47-54-000000,/__modal/volumes/vo-UZL6XRNnGfsFjlpmHH9EJN/segments/2025-09-20-17-47-54-000000/front_1/000082.mp4,/__modal/volumes/vo-UZL6XRNnGfsFjlpmHH9EJN/episodes/2025-09-20-17-47-54-000000,True,,fold_clothes__1,6.146316326239919,0.9148936170212766,0.75,False,True,facility_location_gain_per_second
2025-09-20-17-47-54-000000,2025-09-20-17-47-54-000000:front_1:000083,fold_clothes,83.0,84.0,1.0,2490,2520,1.0,1.0,1.0,0.0,0,per_frame_inverse_head_to_world:obs_head_pose,/__modal/volumes/vo-UZL6XRNnGfsFjlpmHH9EJN/episodes/2025-09-20-17-47-54-000000,/__modal/volumes/vo-UZL6XRNnGfsFjlpmHH9EJN/segments/2025-09-20-17-47-54-000000/front_1/000083.mp4,/__modal/volumes/vo-UZL6XRNnGfsFjlpmHH9EJN/episodes/2025-09-20-17-47-54-000000,True,,fold_clothes__0,6.621360673812054,0.9468085106382979,0.7659574468085106,False,True,facility_location_gain_per_second
2025-09-20-17-47-54-000000,2025-09-20-17-47-54-000000:front_1:000084,fold_clothes,84.0,85.0,1.0,2520,2550,1.0,1.0,1.0,0.0,0,per_frame_inverse_head_to_world:obs_head_pose,/__modal/volumes/vo-UZL6XRNnGfsFjlpmHH9EJN/episodes/2025-09-20-17-47-54-000000,/__modal/volumes/vo-UZL6XRNnGfsFjlpmHH9EJN/segments/2025-09-20-17-47-54-000000/front_1/000084.mp4,/__modal/volumes/vo-UZL6XRNnGfsFjlpmHH9EJN/episodes/2025-09-20-17-47-54-000000,True,,fold_clothes__0,4.042761300100852,0.5691489361702128,0.7659574468085106,False,False,
2025-09-20-17-47-54-000000,2025-09-20-17-47-54-000000:front_1:000085,fold_clothes,85.0,86.0,1.0,2550,2580,1.0,1.0,1.0,0.0,0,per_frame_inverse_head_to_world:obs_head_pose,/__modal/volumes/vo-UZL6XRNnGfsFjlpmHH9EJN/episodes/2025-09-20-17-47-54-000000,/__modal/volumes/vo-UZL6XRNnGfsFjlpmHH9EJN/segments/2025-09-20-17-47-54-000000/front_1/000085.mp4,/__modal/volumes/vo-UZL6XRNnGfsFjlpmHH9EJN/episodes/2025-09-20-17-47-54-000000,True,,fold_clothes__5,4.102637412708405,0.574468085106383,0.7234042553191489,False,False,
2025-09-20-17-47-54-000000,2025-09-20-17-47-54-000000:front_1:000086,fold_clothes,86.0,87.0,1.0,2580,2610,1.0,1.0,1.0,0.0,0,per_frame_inverse_head_to_world:obs_head_pose,/__modal/volumes/vo-UZL6XRNnGfsFjlpmHH9EJN/episodes/2025-09-20-17-47-54-000000,/__modal/volumes/vo-UZL6XRNnGfsFjlpmHH9EJN/segments/2025-09-20-17-47-54-000000/front_1/000086.mp4,/__modal/volumes/vo-UZL6XRNnGfsFjlpmHH9EJN/episodes/2025-09-20-17-47-54-000000,True,,fold_clothes__5,3.0009958542885675,0.14361702127659576,0.7234042553191489,False,False,
2025-09-20-17-47-54-000000,2025-09-20-17-47-54-000000:front_1:000087,fold_clothes,87.0,88.0,1.0,2610,2640,1.0,1.0,1.0,0.0,0,per_frame_inverse_head_to_world:obs_head_pose,/__modal/volumes/vo-UZL6XRNnGfsFjlpmHH9EJN/episodes/2025-09-20-17-47-54-000000,/__modal/volumes/vo-UZL6XRNnGfsFjlpmHH9EJN/segments/2025-09-20-17-47-54-000000/front_1/000087.mp4,/__modal/volumes/vo-UZL6XRNnGfsFjlpmHH9EJN/episodes/2025-09-20-17-47-54-000000,True,,fold_clothes__1,3.8042377233022706,0.4787234042553192,0.75,False,False,
2025-09-20-17-47-54-000000,2025-09-20-17-47-54-000000:front_1:000088,fold_clothes,88.0,89.0,1.0,2640,2670,1.0,1.0,1.0,0.0,0,per_frame_inverse_head_to_world:obs_head_pose,/__modal/volumes/vo-UZL6XRNnGfsFjlpmHH9EJN/episodes/2025-09-20-17-47-54-000000,/__modal/volumes/vo-UZL6XRNnGfsFjlpmHH9EJN/segments/2025-09-20-17-47-54-000000/front_1/000088.mp4,/__modal/volumes/vo-UZL6XRNnGfsFjlpmHH9EJN/episodes/2025-09-20-17-47-54-000000,True,,fold_clothes__6,4.420381422177118,0.648936170212766,0.9521276595744681,False,False,
2025-09-20-17-47-54-000000,2025-09-20-17-47-54-000000:front_1:000089,fold_clothes,89.0,90.0,1.0,2670,2700,1.0,1.0,1.0,0.0,0,per_frame_inverse_head_to_world:obs_head_pose,/__modal/volumes/vo-UZL6XRNnGfsFjlpmHH9EJN/episodes/2025-09-20-17-47-54-000000,/__modal/volumes/vo-UZL6XRNnGfsFjlpmHH9EJN/segments/2025-09-20-17-47-54-000000/front_1/000089.mp4,/__modal/volumes/vo-UZL6XRNnGfsFjlpmHH9EJN/episodes/2025-09-20-17-47-54-000000,True,,fold_clothes__3,6.644129241405953,0.9521276595744681,0.9095744680851063,False,True,facility_location_gain_per_second
2025-09-20-17-47-54-000000,2025-09-20-17-47-54-000000:front_1:000090,fold_clothes,90.0,91.0,1.0,2700,2730,1.0,1.0,1.0,0.0,0,per_frame_inverse_head_to_world:obs_head_pose,/__modal/volumes/vo-UZL6XRNnGfsFjlpmHH9EJN/episodes/2025-09-20-17-47-54-000000,/__modal/volumes/vo-UZL6XRNnGfsFjlpmHH9EJN/segments/2025-09-20-17-47-54-000000/front_1/000090.mp4,/__modal/volumes/vo-UZL6XRNnGfsFjlpmHH9EJN/episodes/2025-09-20-17-47-54-000000,True,,fold_clothes__0,3.892419291953091,0.5053191489361702,0.7659574468085106,False,False,
2025-09-20-17-47-54-000000,2025-09-20-17-47-54-000000:front_1:000091,fold_clothes,91.0,92.0,1.0,2730,2760,1.0,1.0,1.0,0.0,0,per_frame_inverse_head_to_world:obs_head_pose,/__modal/volumes/vo-UZL6XRNnGfsFjlpmHH9EJN/episodes/2025-09-20-17-47-54-000000,/__modal/volumes/vo-UZL6XRNnGfsFjlpmHH9EJN/segments/2025-09-20-17-47-54-000000/front_1/000091.mp4,/__modal/volumes/vo-UZL6XRNnGfsFjlpmHH9EJN/episodes/2025-09-20-17-47-54-000000,True,,fold_clothes__5,2.6308642687777337,0.05851063829787234,0.7234042553191489,False,False,
2025-09-20-17-47-54-000000,2025-09-20-17-47-54-000000:front_1:000092,fold_clothes,92.0,93.0,1.0,2760,2790,1.0,1.0,1.0,0.0,0,per_frame_inverse_head_to_world:obs_head_pose,/__modal/volumes/vo-UZL6XRNnGfsFjlpmHH9EJN/episodes/2025-09-20-17-47-54-000000,/__modal/volumes/vo-UZL6XRNnGfsFjlpmHH9EJN/segments/2025-09-20-17-47-54-000000/front_1/000092.mp4,/__modal/volumes/vo-UZL6XRNnGfsFjlpmHH9EJN/episodes/2025-09-20-17-47-54-000000,True,,fold_clothes__1,5.164405662532935,0.7819148936170213,0.75,False,False,
2025-09-20-17-47-54-000000,2025-09-20-17-47-54-000000:front_1:000093,fold_clothes,93.0,93.83333333333331,0.8333333333333334,2790,2815,1.0,1.0,1.0,0.0,0,per_frame_inverse_head_to_world:obs_head_pose,/__modal/volumes/vo-UZL6XRNnGfsFjlpmHH9EJN/episodes/2025-09-20-17-47-54-000000,/__modal/volumes/vo-UZL6XRNnGfsFjlpmHH9EJN/segments/2025-09-20-17-47-54-000000/front_1/000093.mp4,/__modal/volumes/vo-UZL6XRNnGfsFjlpmHH9EJN/episodes/2025-09-20-17-47-54-000000,True,,fold_clothes__6,6.6610652722851595,0.9574468085106383,0.9521276595744681,False,True,facility_location_gain_per_second
